a,b
a57,b59
a57,b65
a24,b23
a65,b60
a23,b12
a57,b38
a18,b11
a68,b5
a50,b57
a20,b1
a67,b8
a7,b4
a24,b30
a3,b59
a41,b56
a25,b66
a29,b37
a63,b0
a10,b58
a35,b52
a70,b10
a32,b40
a29,b65
a36,b3
a8,b13
a51,b13
a37,b49
a8,b2
a0,b27
a26,b6
a60,b48
a50,b53
a9,b25
a34,b43
a11,b39
a42,b1
a52,b15
a17,b31
a12,b1
a7,b59
a62,b22
a24,b57
a65,b24
a16,b53
a49,b14
a27,b0
a34,b38
a2,b26
a23,b50
a12,b5
a18,b27
a56,b33
a1,b42
a9,b9
a11,b26
a31,b1
a47,b47
a58,b16
a61,b17
a49,b23
a19,b39
a29,b31
a24,b20
a70,b25
a49,b61
a10,b53
a6,b13
a13,b4
a65,b32
a30,b50
a32,b53
a62,b37
a66,b22
a8,b16
a29,b61
a9,b35
a27,b26
a2,b8
a34,b52
a57,b31
a7,b5
a22,b36
a47,b67
a16,b11
a46,b17
a57,b42
a66,b17
a4,b2
a60,b45
a39,b4
a2,b9
a61,b8
a39,b40
a17,b9
a9,b57
a69,b47
a5,b16
a43,b45
a10,b60
a9,b53
a3,b63
a1,b48
a48,b1
a9,b10
a11,b14
a42,b49
a58,b56
a59,b69
a10,b66
a65,b3
a39,b11
a61,b2
a29,b14
a63,b62
a32,b1
a47,b38
a18,b25
a66,b21
a43,b56
a63,b30
a41,b51
a32,b25
a55,b25
a27,b49
a28,b40
a26,b17
a17,b63
a44,b5
a8,b35
a21,b14
a57,b60
a35,b27
a52,b48
a66,b63
a40,b57
a41,b9
a4,b35
a5,b35
a45,b39
a2,b17
a51,b58
a24,b3
a34,b30
a18,b6
a14,b57
a13,b68
a47,b9
a25,b25
a60,b32
a22,b1
a60,b68
a4,b22
a28,b34
a44,b69
a66,b64
a20,b50
a28,b11
a52,b49
a16,b57
a58,b25
a0,b48
a70,b64
a43,b59
a41,b26
a12,b15
a27,b31
a49,b11
a39,b68
a41,b33
a2,b44
a64,b10
a4,b56
a43,b70
a53,b35
a62,b3
a27,b8
a54,b4
a22,b68
a42,b17
a60,b19
a66,b66
a56,b63
a11,b28
a56,b67
a37,b21
a66,b65
a32,b39
a48,b26
a38,b18
a69,b67
a34,b63
a25,b52
a68,b14
a64,b0
a48,b3
a66,b51
a69,b15
a62,b11
a21,b8
a68,b58
a52,b51
a34,b31
a60,b63
a16,b43
a55,b60
a67,b40
a13,b24
a53,b3
a33,b16
a2,b4
a24,b19
a29,b1
a36,b41
a45,b31
a63,b13
a63,b15
a25,b67
a55,b2
a48,b52
a67,b20
a68,b26
a68,b27
a67,b27
a69,b17
a29,b44
a23,b40
a40,b24
a27,b24
a12,b17
a30,b16
a11,b33
a49,b12
a55,b53
a69,b16
a25,b51
a2,b12
a25,b45
a46,b14
a64,b43
a64,b24
a9,b61
a13,b3
a4,b70
a65,b61
a18,b24
a23,b14
a26,b22
a20,b36
a12,b7
a17,b59
a9,b12
a41,b50
a59,b54
a65,b45
a55,b26
a47,b1
a5,b25
a23,b52
a58,b46
a47,b51
a24,b21
a12,b65
a1,b41
a10,b51
a24,b64
a43,b33
a35,b14
a20,b51
a17,b42
a68,b47
a55,b23
a51,b26
a23,b9
a43,b38
a60,b12
a1,b45
a6,b29
a43,b27
a51,b23
a68,b9
a49,b65
a63,b27
a15,b50
a2,b14
a13,b30
a32,b56
a51,b64
a6,b25
a12,b33
a32,b35
a69,b65
a53,b66
a12,b56
a9,b70
a5,b49
a20,b49
a60,b21
a63,b69
a7,b54
a63,b53
a36,b67
a51,b39
a46,b67
a36,b61
a34,b36
a37,b3
a1,b31
a5,b20
a6,b40
a50,b6
a40,b9
a28,b54
a61,b32
a31,b5
a66,b12
a59,b18
a31,b14
a6,b53
a58,b15
a45,b67
a19,b15
a46,b56
a17,b53
a58,b33
a53,b46
a67,b17
a37,b16
a30,b61
a14,b64
a39,b64
a45,b35
a34,b24
a35,b30
a24,b31
a64,b25
a5,b7
a1,b34
a33,b54
a3,b4
a13,b28
a69,b35
a9,b11
a20,b70
a30,b47
a61,b61
a45,b26
a43,b43
a63,b17
a9,b15
a57,b27
a56,b54
a33,b49
a19,b47
a19,b41
a37,b70
a23,b54
a47,b12
a59,b41
a10,b69
a10,b55
a62,b59
a38,b1
a9,b39
a27,b10
a38,b63
a41,b36
a18,b28
a45,b41
a46,b15
a35,b56
a67,b39
a58,b40
a28,b51
a66,b31
a10,b46
a46,b3
a46,b50
a49,b24
a47,b49
a69,b19
a22,b22
a11,b58
a36,b2
a28,b66
a7,b69
a20,b37
a2,b54
a8,b69
a39,b69
a10,b42
a10,b35
a13,b40
a10,b3
a18,b12
a54,b31
a28,b62
a66,b43
a58,b50
a44,b43
a5,b52
a44,b0
a48,b11
a3,b67
a46,b1
a14,b53
a53,b18
a31,b20
a48,b21
a49,b54
a67,b37
a35,b7
a60,b39
a14,b38
a19,b22
a7,b58
a2,b61
a4,b40
a13,b25
a23,b45
a27,b30
a60,b65
a28,b56
a23,b35
a51,b22
a39,b70
a70,b61
a33,b62
a51,b43
a70,b11
a61,b28
a51,b6
a27,b17
a49,b67
a66,b35
a7,b30
a1,b60
a47,b57
a31,b53
a20,b53
a20,b41
a18,b33
a66,b16
a34,b66
a68,b6
a0,b26
a19,b16
a10,b45
a34,b67
a12,b61
a59,b10
a69,b64
a38,b2
a24,b53
a24,b11
a56,b26
a4,b69
a52,b67
a63,b20
a39,b51
a59,b8
a46,b9
a17,b13
a50,b59
a15,b56
a60,b30
a37,b14
a58,b1
a26,b19
a37,b48
a69,b38
a43,b50
a11,b32
a24,b25
a48,b14
a42,b39
a35,b60
a42,b57
a13,b18
a12,b16
a22,b23
a24,b51
a4,b59
a11,b12
a29,b4
a20,b15
a55,b52
a9,b43
a54,b65
a17,b26
a18,b49
a61,b42
a52,b1
a51,b40
a31,b67
a2,b33
a42,b24
a43,b39
a56,b13
a65,b42
a37,b13
a20,b32
a68,b38
a70,b29
a45,b64
a65,b18
a25,b3
a25,b10
a61,b53
a42,b42
a11,b46
a34,b59
a15,b57
a17,b30
a69,b69
a8,b33
a21,b42
a18,b15
a0,b36
a46,b30
a46,b21
a23,b70
a9,b58
a4,b51
a23,b17
a39,b48
a2,b20
a59,b4
a18,b67
a49,b15
a43,b66
a16,b33
a31,b42
a6,b4
a18,b51
a60,b44
a52,b52
a36,b62
a59,b52
a55,b15
a14,b67
a42,b67
a66,b55
a41,b6
a37,b55
a48,b41
a39,b8
a31,b15
a64,b50
a6,b60
a13,b67
a30,b69
a39,b50
a30,b8
a47,b69
a53,b21
a28,b53
a15,b9
a12,b66
a16,b15
a0,b37
a31,b38
a3,b41
a22,b8
a56,b57
a67,b50
a18,b45
a29,b5
a39,b3
a39,b41
a63,b18
a60,b26
a25,b37
a7,b25
a40,b45
a60,b2
a22,b25
a68,b30
a24,b6
a13,b39
a40,b35
a53,b17
a42,b56
a53,b10
a21,b28
a39,b15
a25,b34
a23,b30
a64,b37
a34,b47
a67,b14
a66,b29
a38,b23
a28,b35
a59,b9
a9,b67
a5,b0
a36,b68
a32,b54
a11,b21
a36,b24
a31,b22
a35,b70
a3,b23
a19,b4
a59,b49
a0,b63
a7,b23
a8,b46
a41,b61
a4,b66
a37,b64
a66,b68
a22,b21
a14,b55
a30,b56
a70,b32
a30,b33
a62,b69
a28,b63
a33,b4
a25,b6
a57,b23
a41,b19
a2,b63
a55,b64
a3,b9
a14,b22
a69,b30
a39,b54
a5,b40
a67,b33
a63,b11
a65,b21
a48,b32
a63,b58
a7,b40
a52,b59
a46,b27
a62,b17
a18,b58
a66,b5
a0,b30
a50,b38
a60,b54
a9,b4
a32,b15
a70,b30
a53,b59
a11,b29
a46,b39
a51,b7
a43,b22
a59,b50
a27,b48
a48,b6
a27,b53
a44,b31
a20,b61
a26,b51
a27,b59
a39,b60
a57,b62
a23,b62
a26,b69
a49,b53
a9,b6
a35,b46
a35,b2
a66,b23
a33,b65
a50,b27
a34,b13
a46,b7
a19,b46
a15,b2
a41,b49
a57,b10
a32,b66
a7,b38
a50,b30
a62,b5
a65,b16
a4,b26
a39,b52
a54,b61
a66,b70
a33,b40
a57,b48
a18,b26
a35,b68
a57,b51
a17,b49
a66,b45
a28,b13
a37,b47
a44,b27
a17,b5
a3,b61
a1,b38
a8,b27
a45,b15
a47,b30
a33,b11
a54,b15
a50,b63
a7,b62
a49,b42
a36,b63
a35,b28
a25,b60
a21,b44
a30,b66
a11,b43
a54,b19
a70,b39
a2,b50
a15,b46
a8,b51
a34,b6
a48,b63
a38,b60
a41,b32
a9,b3
a4,b44
a41,b47
a38,b33
a23,b60
a49,b43
a27,b9
a6,b69
a52,b53
a8,b59
a49,b4
a17,b64
a34,b39
a63,b46
a19,b24
a34,b29
a33,b28
a0,b69
a50,b0
a30,b70
a63,b70
a33,b44
a13,b2
a40,b26
a50,b20
a20,b42
a47,b53
a36,b46
a68,b63
a30,b31
a46,b41
a22,b65
a16,b8
a39,b14
a61,b5
a20,b52
a61,b6
a44,b32
a50,b64
a50,b32
a32,b47
a41,b23
a42,b26
a16,b34
a20,b16
a25,b48
a37,b29
a23,b1
a60,b17
a34,b34
a53,b32
a50,b49
a17,b6
a5,b24
a36,b45
a68,b15
a51,b42
a3,b69
a61,b21
a47,b8
a39,b56
a36,b28
a50,b52
a27,b69
a36,b18
a56,b22
a13,b32
a62,b55
a15,b19
a41,b2
a34,b18
a35,b51
a35,b41
a29,b10
a61,b25
a46,b70
a33,b6
a19,b8
a0,b39
a10,b0
a23,b43
a61,b4
a53,b44
a50,b7
a27,b70
a24,b37
a31,b56
a6,b22
a3,b21
a9,b34
a45,b3
a65,b59
a1,b26
a1,b67
a33,b31
a63,b51
a51,b52
a32,b3
a1,b18
a29,b41
a49,b47
a64,b35
a46,b57
a35,b8
a41,b12
a33,b42
a27,b23
a27,b6
a16,b69
a38,b26
a22,b44
a13,b19
a18,b47
a44,b23
a1,b51
a64,b6
a51,b12
a41,b68
a26,b2
a22,b41
a41,b55
a60,b28
a63,b52
a22,b34
a8,b49
a48,b7
a27,b44
a64,b14
a15,b58
a55,b59
a53,b49
a64,b29
a48,b69
a5,b65
a4,b67
a57,b57
a36,b5
a6,b41
a19,b68
a59,b42
a24,b60
a70,b51
a6,b16
a62,b14
a29,b23
a18,b14
a13,b65
a32,b33
a8,b23
a4,b43
a44,b58
a26,b68
a1,b54
a25,b62
a9,b13
a56,b62
a30,b9
a63,b7
a70,b8
a22,b12
a42,b4
a44,b28
a36,b15
a53,b23
a49,b3
a59,b62
a40,b25
a55,b48
a1,b43
a26,b26
a23,b16
a21,b59
a25,b1
a8,b26
a52,b25
a18,b9
a34,b54
a47,b52
a35,b58
a15,b12
a44,b65
a53,b30
a36,b10
a58,b28
a61,b49
a28,b57
a53,b42
a36,b56
a34,b37
a1,b52
a47,b16
a32,b49
a43,b13
a13,b69
a12,b58
a26,b11
a46,b2
a47,b3
a44,b2
a19,b60
a9,b46
a64,b40
a61,b7
a28,b2
a50,b55
a29,b69
a14,b7
a51,b27
a66,b26
a63,b47
a18,b65
a50,b12
a21,b32
a60,b15
a19,b2
a47,b46
a3,b13
a44,b52
a68,b68
a14,b12
a38,b64
a15,b8
a11,b65
a65,b39
a37,b45
a31,b31
a6,b27
a57,b21
a13,b58
a64,b19
a22,b52
a15,b52
a1,b29
a19,b14
a48,b20
a37,b67
a3,b51
a14,b63
a38,b69
a53,b38
a10,b27
a33,b68
a42,b62
a64,b12
a34,b33
a28,b47
a10,b54
a45,b55
a14,b6
a39,b67
a7,b20
a67,b48
a70,b41
a51,b28
a12,b47
a46,b61
a29,b66
a67,b62
a1,b47
a52,b13
a0,b45
a31,b46
a26,b7
a40,b23
a66,b44
a6,b11
a27,b32
a11,b36
a12,b10
a50,b28
a32,b42
a19,b19
a36,b36
a6,b50
a10,b70
a17,b43
a2,b27
a69,b0
a42,b9
a22,b10
a56,b17
a48,b57
a56,b40
a9,b14
a45,b70
a14,b15
a50,b39
a14,b27
a12,b53
a17,b15
a19,b35
a60,b52
a4,b55
a48,b25
a63,b63
a55,b49
a13,b70
a21,b41
a44,b20
a44,b48
a66,b49
a45,b18
a61,b50
a41,b11
a62,b29
a52,b5
a32,b8
a32,b48
a31,b27
a55,b8
a67,b58
a49,b62
a15,b29
a23,b13
a45,b20
a70,b62
a19,b57
a45,b38
a12,b31
a19,b27
a25,b68
a44,b15
a20,b24
a21,b47
a41,b46
a13,b37
a33,b14
a31,b45
a2,b22
a68,b32
a37,b36
a32,b16
a3,b36
a35,b65
a19,b49
a20,b69
a69,b20
a68,b33
a39,b6
a54,b46
a69,b29
a61,b57
a47,b44
a27,b64
a34,b44
a29,b9
a70,b14
a9,b38
a0,b13
a15,b24
a47,b39
a7,b8
a18,b3
a52,b18
a66,b69
a9,b55
a67,b23
a11,b67
a45,b63
a25,b13
a62,b24
a10,b62
a3,b11
a17,b38
a19,b69
a19,b54
a2,b62
a40,b21
a11,b66
a20,b4
a13,b14
a38,b38
a3,b53
a4,b19
a23,b66
a27,b50
a29,b52
a44,b42
a28,b44
a50,b1
a6,b47
a67,b42
a58,b30
a53,b22
a25,b19
a57,b61
a28,b42
a33,b66
a32,b2
a23,b39
a29,b8
a38,b65
a4,b31
a69,b11
a10,b64
a27,b5
a47,b45
a8,b9
a49,b17
a53,b29
a43,b26
a48,b36
a8,b60
a1,b6
a63,b4
a48,b8
a54,b20
a18,b8
a26,b20
a63,b28
a40,b43
a17,b17
a18,b40
a30,b17
a30,b58
a15,b34
a23,b44
a6,b15
a23,b15
a35,b67
a10,b28
a23,b20
a42,b13
a37,b61
a58,b44
a4,b24
a18,b60
a3,b56
a51,b69
a6,b36
a20,b5
a22,b51
a27,b2
a3,b28
a54,b63
a43,b1
a21,b38
a5,b43
a33,b47
a53,b54
a69,b58
a20,b59
a65,b36
a21,b40
a30,b51
a20,b43
a36,b12
a0,b44
a61,b14
a63,b65
a48,b0
a59,b7
a11,b40
a63,b61
a7,b18
a3,b35
a68,b56
a6,b10
a35,b6
a5,b32
a13,b54
a45,b7
a9,b62
a61,b19
a37,b40
a64,b64
a43,b25
a27,b57
a38,b16
a31,b35
a38,b22
a15,b60
a38,b31
a5,b2
a65,b43
a60,b51
a8,b20
a14,b33
a36,b49
a39,b32
a23,b33
a16,b7
a33,b63
a62,b28
a49,b45
a20,b63
a29,b29
a40,b59
a34,b23
a3,b34
a13,b42
a42,b6
a3,b37
a66,b62
a8,b4
a12,b68
a67,b31
a36,b25
a55,b41
a50,b8
a43,b6
a45,b37
a67,b68
a53,b27
a52,b30
a60,b10
a15,b54
a53,b64
a32,b69
a53,b1
a67,b11
a7,b19
a34,b40
a34,b5
a7,b55
a13,b60
a24,b32
a7,b70
a9,b0
a56,b16
a31,b51
a30,b52
a5,b11
a16,b31
a7,b60
a51,b2
a49,b9
a13,b26
a31,b62
a40,b15
a42,b38
a2,b28
a65,b52
a51,b24
a32,b4
a11,b34
a57,b26
a46,b55
a26,b57
a55,b40
a52,b38
a60,b70
a58,b48
a64,b51
a9,b29
a58,b55
a27,b38
a28,b10
a69,b43
a50,b2
a54,b33
a11,b48
a28,b50
a38,b25
a55,b7
a63,b6
a8,b43
a32,b32
a52,b69
a20,b3
a17,b41
a65,b2
a35,b43
a67,b63
a41,b21
a37,b53
a6,b58
a59,b67
a56,b2
a55,b6
a9,b1
a21,b46
a35,b18
a45,b68
a50,b51
a31,b26
a22,b3
a15,b10
a3,b24
a33,b2
a62,b7
a42,b27
a60,b40
a36,b64
a45,b28
a70,b28
a40,b19
a55,b22
a23,b21
a40,b28
a61,b46
a7,b29
a3,b12
a41,b5
a45,b62
a68,b49
a53,b2
a22,b70
a6,b59
a2,b45
a0,b31
a37,b38
a33,b1
a2,b46
a39,b53
a22,b14
a20,b12
a24,b39
a69,b56
a64,b31
a46,b64
a33,b59
a68,b28
a50,b4
a5,b58
a36,b66
a24,b47
a59,b47
a58,b11
a24,b9
a14,b31
a68,b42
a69,b54
a4,b37
a9,b68
a14,b1
a55,b69
a7,b22
a31,b63
a2,b1
a28,b27
a9,b31
a39,b42
a22,b66
a12,b23
a33,b24
a28,b21
a7,b44
a4,b17
a20,b60
a14,b0
a5,b38
a49,b32
a53,b63
a4,b30
a35,b34
a8,b32
a48,b37
a15,b49
a40,b63
a0,b7
a52,b62
a67,b32
a6,b14
a3,b46
a47,b42
a49,b18
a23,b26
a64,b1
a57,b24
a9,b69
a4,b16
a24,b49
a59,b28
a20,b46
a6,b44
a8,b18
a35,b20
a4,b3
a30,b48
a5,b17
a43,b4
a14,b29
a36,b23
a25,b9
a9,b21
a68,b48
a52,b19
a48,b65
a12,b49
a0,b60
a39,b5
a54,b50
a37,b69
a36,b16
a47,b13
a5,b33
a36,b38
a37,b31
a50,b43
a32,b14
a15,b53
a46,b35
a33,b51
a55,b35
a26,b41
a34,b57
a3,b33
a23,b46
a69,b33
a43,b0
a0,b42
a64,b3
a8,b55
a22,b59
a60,b53
a68,b19
a25,b16
a53,b52
a23,b69
a24,b45
a7,b47
a12,b4
a17,b58
a70,b58
a47,b14
a7,b3
a60,b29
a12,b3
a20,b8
a20,b68
a44,b16
a11,b44
a15,b47
a47,b54
a56,b36
a54,b59
a27,b1
a56,b60
a33,b61
a65,b20
a65,b34
a7,b68
a16,b46
a46,b12
a37,b9
a58,b64
a50,b61
a45,b10
a15,b5
a51,b68
a10,b19
a56,b19
a54,b12
a29,b18
a56,b37
a39,b47
a49,b27
a1,b0
a21,b61
a18,b16
a20,b17
a14,b8
a23,b6
a36,b6
a42,b18
a54,b9
a4,b42
a26,b5
a22,b60
a63,b38
a26,b9
a53,b20
a58,b23
a41,b7
a53,b5
a64,b30
a17,b69
a65,b69
a36,b31
a21,b70
a66,b40
a21,b33
a31,b43
a53,b28
a15,b65
a12,b29
a21,b31
a62,b46
a25,b47
a9,b22
a28,b31
a64,b66
a52,b46
a15,b32
a45,b59
a45,b34
a19,b36
a49,b5
a40,b12
a22,b38
a10,b68
a32,b62
a28,b12
a8,b45
a60,b25
a37,b54
a35,b39
a61,b3
a63,b24
a1,b15
a53,b9
a1,b30
a58,b59
a62,b40
a40,b4
a66,b53
a56,b45
a33,b17
a11,b22
a12,b64
a52,b20
a38,b40
a37,b37
a4,b60
a16,b40
a15,b20
a66,b67
a52,b65
a56,b11
a20,b39
a14,b56
a21,b35
a42,b53
a70,b48
a11,b27
a8,b44
a52,b42
a17,b25
a68,b69
a62,b0
a63,b26
a21,b54
a29,b11
a16,b45
a11,b30
a44,b55
a58,b3
a41,b18
a19,b5
a67,b49
a45,b4
a54,b28
a44,b3
a10,b40
a14,b39
a17,b7
a48,b43
a13,b43
a1,b56
a10,b25
a24,b48
a40,b60
a11,b38
a5,b57
a62,b45
a11,b60
a8,b38
a43,b67
a12,b21
a42,b25
a28,b15
a58,b38
a56,b9
a11,b53
a65,b4
a6,b37
a36,b37
a53,b51
a9,b52
a29,b63
a8,b6
a34,b69
a37,b51
a68,b37
a47,b2
a58,b5
a38,b20
a14,b30
a2,b3
a46,b0
a56,b68
a12,b51
a63,b12
a44,b49
a34,b64
a38,b59
a68,b67
a66,b6
a60,b16
a21,b34
a18,b62
a55,b0
a42,b28
a48,b35
a10,b52
a67,b9
a61,b31
a43,b21
a13,b48
a59,b15
a57,b16
a34,b70
a23,b42
a49,b52
a67,b55
a17,b39
a2,b67
a25,b58
a61,b44
a37,b39
a2,b16
a5,b30
a33,b70
a13,b56
a16,b44
a67,b41
a17,b18
a32,b27
a22,b28
a14,b4
a9,b7
a5,b50
a7,b65
a62,b6
a57,b25
a40,b55
a47,b7
a8,b48
a51,b59
a57,b56
a70,b13
a20,b0
a50,b31
a29,b17
a17,b2
a22,b39
a22,b45
a10,b43
a9,b44
a6,b70
a62,b9
a59,b58
a1,b21
a46,b46
a7,b0
a41,b62
a62,b25
a1,b70
a41,b44
a7,b50
a8,b12
a15,b11
a65,b54
a45,b5
a67,b38
a28,b41
a38,b53
a37,b43
a62,b67
a34,b68
a45,b8
a52,b44
a36,b17
a20,b13
a56,b59
a40,b65
a34,b7
a56,b49
a33,b12
a27,b21
a38,b58
a54,b40
a26,b32
a45,b11
a16,b28
a67,b0
a63,b57
a63,b3
a57,b34
a5,b67
a0,b59
a14,b42
a22,b53
a42,b16
a67,b35
a44,b10
a50,b46
a26,b24
a0,b12
a11,b62
a20,b6
a37,b34
a47,b70
a40,b39
a24,b68
a55,b13
a59,b3
a45,b65
a6,b31
a16,b29
a41,b25
a31,b37
a19,b64
a47,b27
a8,b21
a37,b5
a5,b26
a55,b30
a38,b7
a16,b56
a56,b15
a31,b50
a33,b0
a69,b70
a48,b68
a30,b57
a28,b25
a15,b61
a65,b44
a53,b6
a67,b15
a49,b30
a16,b60
a10,b44
a17,b36
a17,b3
a32,b17
a38,b57
a62,b66
a3,b20
a62,b23
a40,b44
a25,b7
a56,b58
a60,b56
a17,b37
a35,b55
a37,b24
a64,b18
a68,b8
a46,b59
a61,b26
a10,b48
a56,b7
a8,b17
a13,b17
a13,b9
a9,b56
a70,b20
a35,b69
a6,b2
a25,b44
a55,b12
a17,b8
a33,b20
a5,b27
a65,b26
a52,b3
a11,b51
a19,b1
a31,b23
a35,b37
a33,b25
a33,b27
a70,b44
a21,b3
a5,b31
a12,b24
a18,b59
a22,b31
a12,b48
a50,b21
a28,b3
a15,b55
a17,b70
a37,b66
a70,b4
a30,b37
a39,b13
a37,b2
a50,b66
a58,b60
a29,b35
a25,b0
a24,b10
a22,b67
a22,b61
a60,b18
a35,b12
a38,b34
a70,b26
a36,b39
a47,b55
a18,b64
a63,b66
a43,b20
a49,b56
a11,b15
a2,b40
a29,b55
a62,b70
a46,b34
a11,b70
a6,b54
a21,b50
a38,b21
a3,b19
a21,b66
a28,b37
a11,b57
a0,b70
a25,b57
a20,b45
a47,b56
a36,b14
a69,b60
a70,b0
a54,b41
a24,b34
a65,b5
a30,b62
a44,b36
a56,b29
a26,b56
a29,b54
a44,b34
a59,b60
a22,b30
a69,b42
a46,b32
a55,b55
a63,b32
a33,b48
a56,b50
a51,b54
a18,b66
a70,b55
a29,b19
a6,b35
a3,b22
a59,b2
a50,b40
a60,b62
a30,b13
a60,b47
a20,b62
a62,b34
a29,b7
a42,b64
a50,b13
a42,b30
a61,b58
a25,b65
a22,b32
a10,b13
a4,b14
a10,b5
a69,b3
a25,b33
a57,b41
a25,b55
a2,b13
a16,b10
a64,b28
a23,b32
a36,b0
a57,b33
a1,b63
a51,b33
a15,b51
a41,b52
a40,b8
a67,b45
a45,b0
a61,b38
a58,b32
a31,b40
a66,b47
a62,b62
a32,b38
a16,b3
a63,b21
a5,b70
a57,b29
a2,b64
a29,b59
a23,b67
a28,b8
a24,b36
a58,b53
a61,b52
a59,b68
a46,b25
a13,b8
a19,b70
a55,b45
a54,b30
a0,b17
a40,b64
a57,b8
a54,b2
a70,b52
a66,b36
a34,b53
a35,b1
a68,b17
a38,b44
a48,b28
a63,b42
a37,b18
a57,b32
a7,b53
a61,b48
a66,b37
a47,b63
a59,b29
a26,b66
a34,b32
a59,b5
a53,b19
a32,b24
a58,b51
a17,b47
a19,b38
a48,b31
a46,b31
a20,b20
a51,b11
a33,b22
a54,b26
a13,b63
a34,b49
a57,b52
a21,b58
a8,b3
a51,b46
a0,b62
a9,b54
a1,b62
a30,b19
a52,b57
a31,b34
a42,b44
a41,b31
a48,b38
a53,b36
a14,b47
a62,b10
a62,b20
a38,b55
a65,b64
a66,b39
a47,b36
a13,b55
a67,b69
a19,b9
a17,b34
a18,b61
a13,b21
a14,b49
a61,b41
a36,b30
a40,b66
a0,b46
a49,b38
a69,b6
a69,b13
a12,b43
a54,b29
a67,b7
a31,b21
a60,b42
a65,b65
a49,b48
a19,b10
a64,b58
a62,b36
a65,b6
a52,b22
a4,b49
a13,b23
a65,b22
a58,b26
a40,b5
a7,b27
a58,b18
a15,b69
a59,b39
a8,b36
a10,b7
a14,b23
a4,b23
a33,b10
a49,b26
a1,b22
a20,b48
a34,b20
a10,b32
a57,b64
a59,b0
a57,b22
a67,b28
a21,b56
a27,b35
a46,b36
a35,b59
a3,b38
a57,b55
a69,b9
a62,b56
a66,b11
a28,b19
a61,b33
a35,b24
a55,b33
a47,b26
a64,b48
a0,b34
a45,b17
a16,b22
a62,b43
a47,b41
a14,b48
a41,b38
a1,b55
a10,b38
a60,b7
a43,b12
a10,b10
a11,b59
a21,b67
a37,b15
a64,b9
a27,b61
a21,b18
a10,b50
a55,b51
a51,b14
a30,b27
a51,b18
a44,b17
a61,b9
a56,b25
a49,b58
a18,b1
a8,b40
a17,b50
a65,b68
a27,b63
a6,b61
a57,b18
a37,b4
a12,b55
a28,b52
a23,b23
a61,b22
a69,b32
a0,b24
a30,b3
a38,b27
a29,b51
a7,b36
a59,b11
a18,b35
a18,b57
a54,b49
a8,b31
a0,b57
a61,b40
a25,b63
a58,b45
a43,b14
a54,b14
a32,b61
a63,b5
a47,b60
a68,b46
a30,b24
a7,b64
a39,b28
a46,b63
a0,b40
a42,b11
a20,b64
a64,b33
a60,b9
a27,b4
a29,b48
a20,b28
a11,b8
a7,b37
a64,b39
a39,b19
a12,b39
a35,b66
a35,b38
a12,b22
a36,b33
a19,b7
a11,b49
a59,b27
a4,b34
a46,b10
a68,b11
a3,b68
a43,b18
a62,b64
a69,b24
a58,b4
a11,b7
a21,b9
a1,b8
a16,b65
a46,b24
a19,b17
a29,b56
a28,b1
a53,b16
a14,b34
a51,b16
a57,b67
a69,b57
a44,b64
a26,b30
a47,b5
a27,b3
a24,b44
a53,b61
a56,b28
a60,b27
a32,b52
a3,b43
a3,b25
a23,b19
a1,b17
a65,b48
a22,b9
a2,b7
a41,b0
a16,b1
a26,b52
a40,b7
a22,b42
a8,b29
a67,b6
a14,b62
a35,b22
a67,b30
a5,b1
a11,b4
a26,b38
a2,b38
a40,b69
a0,b50
a44,b41
a6,b51
a0,b54
a61,b16
a7,b33
a37,b12
a52,b54
a16,b64
a52,b56
a32,b67
a10,b33
a69,b22
a45,b25
a16,b61
a57,b49
a40,b47
a46,b28
a39,b27
a48,b59
a40,b11
a17,b52
a11,b52
a31,b10
a5,b68
a26,b43
a45,b9
a16,b55
a20,b56
a42,b63
a22,b64
a31,b52
a33,b7
a29,b58
a40,b42
a12,b35
a6,b43
a67,b13
a29,b40
a21,b48
a49,b69
a34,b26
a13,b12
a9,b59
a48,b10
a50,b44
a43,b11
a42,b8
a29,b46
a10,b26
a67,b12
a18,b37
a30,b46
a46,b4
a66,b48
a35,b15
a61,b68
a63,b14
a64,b63
a26,b65
a66,b4
a14,b58
a44,b60
a9,b27
a3,b15
a0,b28
a40,b10
a4,b54
a56,b4
a57,b37
a61,b60
a0,b56
a1,b14
a40,b38
a26,b27
a16,b5
a14,b36
a51,b70
a60,b66
a31,b24
a21,b19
a47,b20
a61,b27
a63,b2
a68,b70
a54,b11
a56,b52
a29,b13
a7,b2
a37,b7
a52,b8
a61,b63
a59,b20
a2,b60
a28,b30
a45,b52
a12,b60
a54,b58
a40,b51
a66,b60
a7,b49
a24,b56
a17,b1
a34,b25
a58,b47
a22,b26
a54,b69
a26,b47
a3,b32
a62,b33
a30,b21
a16,b58
a47,b58
a51,b3
a21,b43
a52,b63
a52,b64
a32,b0
a6,b26
a63,b68
a17,b14
a0,b33
a0,b68
a2,b36
a59,b63
a41,b70
a16,b59
a70,b34
a28,b43
a68,b3
a50,b65
a41,b40
a70,b24
a69,b40
a22,b63
a64,b68
a65,b35
a53,b12
a38,b32
a4,b68
a22,b50
a50,b54
a1,b5
a8,b66
a28,b16
a56,b44
a37,b22
a64,b60
a10,b9
a57,b6
a10,b30
a64,b26
a19,b44
a32,b70
a46,b20
a31,b41
a3,b30
a62,b49
a47,b28
a4,b45
a39,b1
a60,b60
a6,b23
a44,b66
a15,b18
a13,b27
a15,b48
a70,b7
a57,b63
a38,b48
a8,b65
a49,b25
a4,b63
a35,b19
a52,b16
a66,b14
a64,b49
a54,b70
a26,b35
a59,b30
a41,b54
a15,b68
a33,b41
a66,b0
a58,b17
a49,b60
a45,b2
a13,b7
a39,b62
a27,b60
a42,b35
a52,b32
a43,b65
a65,b38
a12,b38
a9,b20
a66,b54
a0,b55
a43,b61
a27,b33
a62,b58
a2,b34
a9,b33
a4,b38
a5,b29
a46,b65
a65,b15
a69,b41
a28,b9
a67,b52
a54,b66
a2,b48
a1,b23
a13,b41
a19,b13
a26,b55
a62,b1
a7,b12
a15,b16
a43,b52
a46,b40
a57,b69
a4,b57
a15,b21
a14,b43
a7,b32
a17,b16
a60,b64
a60,b59
a27,b25
a48,b51
a70,b70
a38,b66
a55,b37
a54,b48
a34,b10
a4,b27
a52,b2
a57,b12
a7,b45
a43,b31
a12,b32
a57,b36
a68,b64
a44,b53
a28,b48
a21,b63
a54,b52
a64,b4
a41,b15
a1,b66
a52,b21
a59,b13
a44,b46
a36,b19
a14,b19
a56,b20
a22,b18
a28,b64
a8,b15
a59,b31
a48,b24
a5,b22
a46,b48
a42,b47
a2,b30
a21,b45
a4,b32
a15,b33
a23,b63
a39,b2
a27,b47
a27,b68
a17,b40
a37,b59
a14,b20
a54,b32
a69,b14
a60,b49
a70,b45
a23,b24
a42,b41
a38,b42
a50,b11
a4,b48
a34,b46
a8,b19
a70,b47
a57,b46
a43,b62
a70,b21
a57,b2
a49,b22
a32,b64
a28,b7
a4,b8
a10,b18
a16,b13
a37,b19
a24,b59
a19,b23
a64,b5
a63,b25
a50,b70
a25,b24
a21,b25
a44,b11
a2,b39
a17,b28
a42,b48
a61,b67
a26,b25
a19,b31
a52,b14
a50,b22
a13,b59
a19,b3
a22,b4
a18,b38
a35,b49
a70,b16
a19,b51
a35,b32
a68,b25
a45,b13
a22,b0
a67,b5
a24,b69
a32,b34
a10,b1
a41,b37
a5,b51
a45,b12
a12,b63
a22,b46
a59,b16
a46,b33
a31,b16
a5,b39
a53,b48
a20,b33
a3,b60
a27,b66
a67,b2
a34,b35
a9,b26
a22,b35
a70,b31
a6,b65
a16,b14
a48,b55
a55,b3
a21,b53
a31,b68
a5,b64
a8,b54
a40,b29
a56,b38
a45,b54
a29,b68
a38,b67
a31,b8
a0,b2
a23,b36
a60,b22
a2,b37
a2,b55
a3,b40
a69,b7
a59,b14
a8,b5
a56,b30
a18,b20
a14,b59
a3,b64
a5,b41
a28,b59
a58,b9
a65,b30
a45,b19
a43,b49
a26,b59
a44,b26
a21,b62
a54,b34
a56,b23
a24,b54
a60,b34
a47,b29
a27,b46
a42,b0
a51,b32
a36,b57
a49,b70
a48,b22
a9,b23
a42,b59
a46,b45
a52,b12
a26,b50
a3,b1
a58,b62
a17,b33
a23,b61
a35,b5
a8,b11
a56,b18
a57,b14
a1,b49
a35,b36
a51,b62
a43,b58
a38,b8
a35,b61
a25,b53
a54,b45
a63,b37
a39,b57
a8,b62
a31,b33
a1,b65
a49,b8
a14,b14
a61,b47
a37,b65
a48,b23
a7,b13
a11,b23
a44,b22
a69,b10
a68,b54
a21,b51
a10,b47
a30,b14
a0,b47
a43,b28
a40,b27
a40,b68
a39,b39
a5,b47
a63,b36
a70,b1
a8,b1
a57,b28
a66,b18
a44,b30
a46,b38
a30,b40
a53,b7
a11,b16
a70,b5
a31,b0
a29,b67
a0,b29
a45,b42
a9,b64
a58,b41
a25,b35
a22,b49
a28,b24
a17,b66
a49,b49
a48,b49
a54,b53
a39,b26
a61,b66
a36,b70
a55,b58
a2,b57
a53,b43
a31,b69
a60,b33
a8,b57
a55,b42
a43,b24
a58,b69
a39,b65
a65,b31
a0,b6
a21,b64
a34,b9
a16,b49
a46,b62
a32,b30
a51,b45
a51,b29
a51,b44
a42,b61
a22,b13
a65,b19
a26,b21
a42,b40
a32,b65
a33,b35
a66,b15
a43,b3
a37,b27
a13,b1
a32,b58
a37,b8
a63,b22
a12,b36
a48,b33
a53,b70
a70,b67
a4,b64
a53,b60
a56,b55
a30,b4
a70,b15
a26,b34
a36,b13
a21,b49
a20,b34
a3,b6
a25,b20
a21,b22
a44,b61
a54,b23
a28,b67
a68,b60
a68,b20
a11,b9
a6,b6
a64,b62
a41,b35
a32,b12
a26,b29
a21,b17
a64,b69
a63,b56
a48,b13
a15,b14
a23,b59
a43,b35
a65,b46
a63,b34
a69,b59
a19,b32
a60,b69
a69,b51
a61,b39
a57,b7
a59,b61
a64,b23
a54,b5
a3,b5
a26,b70
a59,b44
a48,b18
a26,b44
a26,b31
a0,b41
a12,b52
a24,b15
a9,b47
a59,b51
a9,b48
a11,b31
a69,b8
a36,b32
a14,b9
a53,b57
a28,b32
a42,b34
a58,b6
a32,b41
a18,b54
a3,b7
a35,b0
a38,b37
a40,b30
a54,b56
a27,b36
a13,b34
a34,b2
a48,b2
a55,b10
a41,b16
a7,b17
a50,b37
a45,b36
a5,b60
a30,b5
a32,b46
a42,b29
a12,b69
a62,b60
a45,b23
a19,b33
a30,b53
a36,b58
a10,b63
a62,b65
a1,b39
a42,b19
a15,b66
a20,b57
a3,b42
a68,b34
a51,b63
a0,b11
a2,b68
a60,b31
a27,b27
a28,b69
a55,b68
a15,b37
a13,b45
a52,b27
a47,b48
a47,b0
a17,b55
a11,b3
a19,b67
a40,b37
a55,b57
a23,b5
a35,b26
a65,b11
a70,b68
a32,b20
a16,b32
a45,b47
a34,b65
a29,b34
a61,b62
a70,b37
a64,b20
a45,b45
a65,b37
a2,b43
a25,b32
a15,b1
a34,b15
a68,b7
a41,b43
a4,b61
a16,b27
a49,b57
a21,b7
a39,b66
a33,b30
a17,b32
a70,b40
a21,b16
a10,b23
a64,b41
a60,b37
a52,b55
a34,b8
a15,b27
a38,b46
a69,b18
a45,b16
a58,b31
a2,b70
a53,b41
a34,b22
a69,b25
a21,b0
a18,b5
a11,b64
a19,b52
a4,b36
a25,b43
a18,b2
a24,b16
a15,b42
a24,b70
a20,b7
a16,b4
a60,b55
a70,b54
a52,b11
a56,b12
a50,b24
a40,b33
a41,b20
a60,b46
a44,b18
a16,b25
a24,b65
a44,b39
a19,b43
a21,b13
a47,b18
a18,b46
a68,b44
a14,b2
a18,b43
a70,b42
a54,b67
a18,b52
a37,b44
a66,b46
a27,b15
a16,b26
a39,b31
a40,b70
a49,b66
a25,b41
a1,b57
a20,b26
a27,b13
a43,b44
a22,b7
a9,b37
a5,b54
a15,b63
a66,b58
a10,b24
a21,b2
a26,b54
a53,b45
a61,b56
a43,b51
a13,b11
a17,b35
a32,b57
a29,b42
a4,b20
a69,b37
a48,b46
a41,b14
a55,b21
a53,b62
a31,b60
a11,b55
a6,b66
a30,b68
a7,b1
a3,b39
a15,b15
a17,b60
a52,b0
a61,b69
a26,b8
a6,b49
a46,b16
a22,b20
a64,b11
a66,b41
a35,b23
a55,b70
a14,b10
a18,b63
a7,b9
a37,b57
a4,b4
a2,b19
a62,b26
a63,b44
a29,b6
a24,b26
a55,b36
a51,b38
a34,b14
a6,b46
a52,b36
a40,b17
a11,b61
a62,b15
a3,b54
a66,b25
a14,b61
a44,b35
a61,b65
a35,b4
a31,b30
a43,b63
a33,b13
a13,b46
a26,b18
a18,b56
a38,b0
a21,b52
a46,b49
a63,b16
a13,b61
a63,b19
a48,b56
a63,b64
a29,b30
a51,b49
a57,b9
a27,b43
a8,b50
a38,b29
a44,b6
a65,b53
a18,b30
a18,b13
a61,b0
a52,b9
a14,b45
a39,b16
a28,b23
a43,b15
a45,b44
a37,b33
a18,b36
a6,b55
a39,b30
a16,b35
a25,b59
a63,b35
a21,b6
a19,b25
a44,b56
a18,b39
a65,b58
a54,b51
a66,b28
a61,b30
a15,b64
a46,b8
a31,b65
a53,b69
a60,b5
a49,b6
a26,b14
a66,b50
a24,b17
a20,b27
a9,b60
a44,b57
a58,b70
a31,b12
a33,b34
a48,b44
a25,b27
a8,b52
a38,b56
a30,b26
a41,b65
a15,b38
a67,b26
a29,b45
a66,b7
a28,b22
a70,b9
a21,b29
a48,b48
a65,b67
a68,b18
a5,b6
a35,b3
a17,b56
a67,b54
a38,b70
a27,b40
a24,b7
a5,b18
a13,b57
a59,b12
a8,b53
a38,b50
a64,b16
a65,b28
a33,b52
a21,b15
a27,b14
a16,b62
a66,b59
a24,b29
a20,b54
a49,b63
a11,b2
a59,b65
a66,b27
a34,b50
a26,b16
a0,b49
a54,b1
a10,b12
a25,b64
a56,b34
a26,b49
a46,b6
a21,b4
a45,b24
a14,b37
a40,b50
a34,b27
a23,b51
a51,b35
a32,b68
a7,b28
a22,b54
a48,b19
a31,b3
a28,b38
a19,b63
a41,b63
a16,b67
a6,b57
a38,b6
a7,b21
a37,b26
a34,b19
a26,b28
a46,b69
a12,b18
a56,b65
a6,b39
a65,b50
a49,b39
a42,b22
a0,b9
a48,b29
a55,b14
a62,b30
a26,b63
a58,b20
a56,b8
a0,b1
a65,b23
a12,b62
a69,b23
a30,b30
a36,b52
a62,b54
a66,b13
a68,b39
a17,b0
a40,b58
a19,b55
a43,b29
a8,b8
a39,b21
a12,b27
a4,b12
a4,b5
a15,b45
a18,b10
a54,b39
a22,b62
a9,b5
a5,b59
a44,b68
a54,b25
a37,b63
a58,b21
a29,b21
a60,b38
a39,b63
a38,b10
a53,b50
a42,b10
a32,b59
a8,b25
a40,b14
a30,b6
a4,b39
a18,b0
a11,b56
a36,b20
a67,b65
a60,b0
a52,b58
a12,b30
a68,b57
a58,b19
a36,b4
a57,b39
a13,b50
a0,b19
a35,b21
a61,b13
a26,b3
a10,b37
a3,b66
a48,b34
a14,b3
a45,b53
a10,b20
a8,b0
a43,b23
a22,b58
a23,b65
a29,b57
a63,b23
a9,b2
a66,b32
a70,b57
a6,b30
a49,b33
a22,b37
a42,b51
a32,b36
a24,b55
a48,b64
a27,b56
a27,b12
a44,b62
a58,b27
a27,b54
a62,b47
a55,b29
a12,b37
a0,b21
a52,b45
a1,b58
a8,b63
a8,b58
a42,b12
a25,b30
a48,b54
a18,b48
a25,b42
a12,b67
a9,b51
a67,b47
a45,b61
a64,b59
a3,b10
a16,b9
a21,b10
a65,b14
a49,b16
a60,b50
a0,b64
a65,b9
a21,b5
a35,b63
a46,b66
a10,b29
a32,b31
a56,b43
a40,b32
a21,b65
a70,b2
a2,b29
a44,b40
a40,b6
a5,b48
a58,b10
a39,b61
a0,b23
a55,b54
a29,b22
a66,b3
a54,b13
a46,b42
a28,b17
a23,b2
a59,b1
a2,b11
a60,b23
a64,b21
a28,b36
a49,b41
a10,b39
a5,b13
a6,b33
a45,b69
a12,b0
a66,b38
a47,b17
a41,b58
a64,b15
a36,b47
a42,b60
a13,b38
a43,b16
a38,b19
a9,b28
a13,b22
a58,b39
a43,b69
a48,b9
a13,b16
a51,b56
a3,b57
a59,b45
a47,b37
a38,b54
a32,b11
a27,b7
a13,b29
a56,b47
a42,b21
a33,b55
a43,b60
a69,b63
a12,b70
a4,b41
a68,b65
a37,b11
a2,b47
a12,b26
a59,b19
a41,b60
a39,b22
a25,b18
a69,b31
a66,b9
a58,b34
a66,b34
a27,b34
a34,b51
a9,b45
a67,b34
a29,b49
a16,b42
a23,b18
a64,b52
a23,b64
a19,b42
a57,b4
a2,b66
a28,b6
a13,b5
a65,b47
a34,b12
a1,b25
a45,b32
a45,b40
a18,b69
a60,b1
a66,b1
a16,b0
a55,b16
a38,b51
a60,b20
a7,b24
a33,b26
a54,b16
a42,b31
a68,b16
a58,b14
a16,b38
a66,b24
a57,b68
a57,b50
a54,b60
a35,b33
a69,b27
a10,b65
a6,b67
a32,b50
a1,b13
a15,b7
a0,b32
a52,b31
a50,b15
a6,b17
a27,b55
a45,b56
a61,b54
a14,b35
a70,b22
a44,b38
a23,b58
a10,b4
a3,b49
a55,b34
a36,b1
a43,b2
a47,b68
a48,b5
a12,b59
a57,b45
a67,b51
a11,b54
a7,b39
a69,b5
a10,b11
a10,b8
a20,b58
a44,b33
a14,b28
a11,b0
a21,b55
a18,b7
a41,b53
a18,b18
a55,b27
a11,b25
a52,b29
a27,b28
a20,b14
a68,b0
a0,b61
a48,b53
a56,b31
a60,b58
a54,b18
a7,b67
a3,b14
a30,b35
a25,b49
a37,b0
a3,b62
a53,b65
a58,b42
a12,b50
a51,b47
a47,b25
a11,b63
a13,b33
a2,b31
a19,b29
a48,b62
a14,b51
a9,b19
a31,b6
a31,b13
a28,b5
a42,b20
a43,b34
a53,b8
a2,b18
a29,b62
a3,b29
a19,b12
a22,b27
a45,b48
a5,b9
a18,b31
a46,b44
a68,b59
a37,b17
a36,b29
a15,b6
a62,b32
a56,b6
a39,b59
a69,b4
a52,b17
a7,b16
a49,b36
a62,b53
a39,b44
a5,b45
a55,b4
a55,b46
a25,b8
a53,b47
a65,b7
a29,b0
a46,b51
a25,b38
a6,b7
a18,b17
a17,b27
a46,b54
a26,b15
a1,b1
a27,b58
a4,b13
a43,b54
a30,b67
a29,b47
a54,b35
a50,b47
a67,b18
a1,b12
a57,b40
a24,b4
a7,b14
a43,b55
a25,b31
a46,b23
a34,b16
a52,b47
a53,b24
a67,b53
a69,b2
a56,b48
a51,b5
a22,b17
a33,b36
a16,b51
a49,b0
a44,b54
a53,b0
a10,b6
a28,b18
a11,b18
a30,b34
a7,b63
a43,b46
a7,b41
a19,b50
a18,b32
a44,b19
a21,b69
a3,b65
a69,b44
a8,b37
a14,b69
a61,b18
a1,b11
a51,b10
a53,b39
a10,b49
a36,b9
a29,b15
a18,b22
a42,b50
a53,b56
a62,b44
a69,b12
a0,b52
a30,b0
a66,b61
a3,b2
a13,b15
a55,b18
a28,b49
a4,b53
a29,b64
a63,b55
a58,b8
a9,b66
a46,b22
a40,b36
a45,b49
a59,b53
a30,b22
a34,b56
a26,b0
a7,b57
a24,b0
a31,b61
a29,b20
a53,b55
a15,b40
a41,b57
a56,b32
a20,b18
a49,b28
a66,b42
a17,b62
a63,b48
a56,b35
a28,b68
a4,b52
a3,b55
a44,b25
a57,b66
a23,b37
a49,b44
a55,b9
a21,b21
a54,b22
a16,b6
a66,b30
a61,b12
a55,b1
a43,b37
a52,b50
a49,b51
a0,b38
a41,b24
a69,b36
a4,b65
a51,b20
a58,b37
a39,b17
a50,b3
a27,b51
a36,b54
a51,b60
a1,b59
a51,b50
a58,b66
a69,b50
a3,b0
a49,b7
a68,b4
a65,b51
a55,b32
a32,b43
a26,b39
a15,b4
a2,b10
a2,b58
a31,b44
a46,b68
a57,b58
a41,b34
a67,b10
a5,b46
a53,b15
a4,b62
a59,b55
a22,b6
a68,b24
a59,b57
a64,b70
a2,b25
a30,b36
a56,b39
a55,b63
a31,b59
a27,b67
a30,b18
a7,b35
a23,b56
a50,b50
a54,b24
a60,b13
a56,b41
a14,b24
a23,b29
a62,b2
a37,b68
a64,b61
a8,b14
a15,b3
a56,b66
a68,b66
a58,b2
a11,b35
a41,b64
a21,b27
a37,b20
a14,b25
a5,b12
a63,b49
a6,b19
a39,b12
a44,b44
a15,b31
a7,b43
a36,b34
a50,b14
a19,b45
a5,b4
a39,b36
a30,b60
a18,b21
a19,b53
a27,b39
a28,b65
a25,b22
a49,b68
a21,b36
a58,b63
a26,b13
a28,b58
a44,b12
a52,b24
a65,b66
a51,b17
a50,b33
a65,b10
a26,b37
a25,b28
a29,b28
a58,b54
a50,b19
a34,b45
a31,b47
a32,b28
a51,b36
a42,b70
a68,b36
a38,b62
a58,b61
a62,b52
a8,b34
a49,b13
a47,b19
a68,b52
a62,b48
a11,b45
a36,b51
a19,b40
a19,b56
a20,b30
a5,b61
a20,b29
a27,b41
a47,b66
a24,b63
a30,b2
a4,b33
a28,b55
a17,b4
a16,b12
a67,b60
a45,b30
a55,b28
a14,b40
a17,b20
a6,b8
a37,b50
a4,b18
a17,b67
a35,b50
a38,b14
a5,b21
a41,b27
a44,b45
a44,b9
a26,b53
a66,b57
a6,b24
a55,b43
a10,b22
a31,b39
a26,b23
a54,b0
a54,b68
a59,b66
a58,b12
a33,b57
a55,b31
a32,b44
a6,b32
a40,b56
a38,b47
a5,b55
a13,b31
a70,b35
a68,b61
a14,b46
a32,b5
a64,b44
a50,b41
a63,b43
a26,b4
a19,b26
a48,b27
a28,b26
a22,b24
a43,b36
a56,b1
a25,b4
a21,b20
a46,b60
a13,b53
a58,b52
a32,b18
a39,b46
a12,b44
a58,b57
a52,b28
a12,b11
a2,b41
a56,b64
a48,b47
a24,b66
a16,b23
a30,b20
a40,b40
a19,b20
a39,b33
a24,b14
a64,b47
a12,b2
a41,b17
a5,b14
a31,b29
a26,b33
a68,b53
a41,b42
a61,b1
a26,b67
a5,b69
a27,b52
a69,b45
a4,b46
a54,b44
a46,b43
a39,b43
a40,b62
a22,b55
a56,b69
a67,b43
a55,b11
a56,b5
a25,b36
a17,b54
a33,b64
a24,b46
a1,b2
a69,b28
a14,b41
a0,b20
a39,b49
a51,b48
a32,b9
a59,b70
a51,b67
a15,b43
a29,b24
a36,b21
a54,b64
a29,b70
a51,b51
a63,b8
a50,b42
a8,b41
a10,b34
a58,b22
a30,b43
a33,b69
a42,b36
a9,b40
a15,b70
a39,b29
a52,b34
a0,b53
a11,b13
a8,b39
a44,b47
a47,b21
a37,b32
a59,b46
a59,b43
a4,b0
a40,b31
a6,b52
a30,b63
a3,b45
a7,b6
a59,b36
a17,b45
a1,b35
a62,b51
a51,b61
a67,b3
a24,b58
a11,b5
a65,b70
a31,b11
a16,b21
a43,b64
a47,b22
a70,b3
a23,b8
a26,b61
a13,b47
a41,b22
a36,b7
a10,b36
a53,b67
a0,b66
a41,b13
a26,b48
a5,b62
a9,b41
a50,b62
a3,b8
a2,b56
a24,b62
a55,b5
a52,b10
a67,b44
a30,b42
a1,b16
a11,b69
a24,b2
a53,b40
a13,b0
a4,b15
a61,b29
a24,b42
a8,b42
a55,b61
a1,b40
a53,b34
a33,b67
a34,b42
a40,b16
a50,b60
a31,b19
a6,b5
a5,b37
a51,b57
a25,b23
a69,b55
a63,b33
a64,b8
a17,b68
a2,b21
a33,b33
a17,b51
a4,b21
a24,b43
a38,b49
a32,b37
a67,b25
a1,b37
a7,b26
a20,b23
a19,b11
a6,b64
a12,b46
a22,b19
a3,b50
a42,b32
a20,b67
a4,b50
a3,b58
a54,b8
a44,b21
a32,b51
a13,b6
a15,b26
a40,b67
a55,b24
a66,b19
a5,b23
a8,b22
a35,b9
a28,b4
a68,b29
a2,b23
a30,b59
a43,b40
a30,b10
a40,b2
a31,b7
a23,b38
a26,b60
a63,b50
a59,b56
a46,b29
a35,b57
a23,b28
a33,b39
a60,b67
a0,b15
a16,b54
a70,b38
a24,b67
a49,b55
a39,b10
a46,b58
a16,b37
a0,b5
a51,b21
a28,b45
a5,b3
a63,b10
a49,b34
a50,b56
a5,b63
a55,b62
a70,b49
a45,b60
a36,b11
a10,b2
a19,b48
a30,b55
a47,b6
a36,b27
a23,b27
a48,b58
a57,b3
a15,b67
a39,b34
a49,b21
a56,b14
a6,b12
a5,b28
a67,b59
a42,b45
a30,b65
a2,b6
a54,b54
a35,b64
a33,b38
a25,b15
a35,b35
a25,b21
a14,b21
a13,b64
a41,b28
a67,b21
a2,b32
a43,b41
a12,b34
a69,b21
a61,b23
a51,b4
a35,b45
a45,b33
a1,b61
a52,b66
a53,b25
a35,b53
a50,b25
a57,b53
a61,b70
a50,b10
a51,b37
a28,b14
a25,b11
a26,b64
a44,b70
a12,b57
a68,b41
a41,b8
a56,b51
a14,b44
a61,b10
a41,b30
a6,b38
a37,b58
a44,b4
a50,b23
a2,b51
a1,b36
a34,b11
a46,b18
a64,b67
a49,b37
a0,b10
a64,b17
a42,b7
a67,b46
a15,b30
a17,b29
a58,b13
a18,b68
a45,b43
a48,b67
a25,b17
a0,b65
a39,b25
a20,b65
a29,b25
a6,b34
a38,b11
a13,b49
a25,b14
a21,b26
a23,b57
a68,b21
a47,b4
a15,b22
a51,b25
a37,b56
a50,b26
a11,b68
a61,b35
a50,b29
a15,b28
a16,b24
a65,b63
a53,b37
a61,b43
a36,b35
a30,b7
a49,b64
a70,b33
a67,b1
a7,b10
a44,b50
a35,b42
a4,b10
a32,b22
a10,b57
a54,b38
a42,b55
a34,b61
a22,b40
a38,b41
a60,b6
a10,b21
a17,b19
a59,b23
a68,b23
a56,b70
a43,b5
a24,b28
a62,b63
a62,b13
a31,b55
a70,b46
a62,b18
a20,b19
a54,b47
a65,b17
a21,b11
a19,b59
a12,b25
a47,b65
a9,b16
a31,b25
a57,b47
a15,b23
a50,b34
a36,b44
a2,b15
a12,b42
a17,b48
a12,b19
a20,b10
a50,b16
a39,b24
a12,b28
a36,b26
a38,b13
a67,b61
a69,b49
a57,b43
a70,b18
a64,b2
a48,b40
a70,b19
a64,b45
a58,b58
a48,b17
a49,b10
a60,b36
a16,b41
a31,b36
a46,b47
a70,b56
a25,b54
a31,b70
a34,b17
a1,b3
a46,b53
a68,b45
a6,b56
a54,b27
a0,b35
a44,b63
a29,b36
a66,b8
a59,b40
a41,b39
a49,b35
a31,b49
a24,b13
a15,b36
a33,b46
a18,b34
a35,b47
a8,b68
a61,b55
a6,b63
a35,b10
a20,b35
a69,b53
a25,b12
a36,b22
a16,b66
a64,b65
a59,b21
a1,b27
a2,b65
a59,b64
a9,b18
a27,b42
a23,b11
a44,b13
a23,b34
a39,b20
a40,b18
a35,b40
a23,b10
a57,b35
a63,b40
a25,b56
a57,b13
a56,b0
a22,b16
a20,b40
a50,b45
a49,b19
a21,b12
a29,b2
a38,b15
a59,b59
a37,b28
a30,b28
a67,b24
a52,b33
a45,b1
a13,b62
a15,b17
a23,b53
a68,b40
a9,b32
a5,b19
a70,b36
a17,b22
a13,b52
a59,b37
a70,b65
a27,b65
a32,b63
a48,b60
a55,b39
a40,b54
a8,b28
a52,b4
a32,b6
a41,b67
a58,b68
a35,b17
a33,b9
a22,b33
a63,b45
a12,b45
a23,b7
a8,b10
a3,b52
a14,b50
a35,b13
a3,b47
a65,b12
a42,b2
a39,b37
a42,b65
a38,b39
a42,b66
a29,b3
a48,b12
a10,b31
a55,b20
a51,b15
a33,b45
a58,b0
a10,b59
a60,b35
a42,b46
a6,b68
a14,b60
a46,b26
a17,b21
a56,b56
a42,b43
a7,b7
a46,b52
a55,b67
a52,b23
a17,b57
a54,b42
a7,b34
a29,b39
a15,b44
a54,b55
a48,b42
a16,b17
a49,b29
a68,b51
a66,b20
a42,b52
a24,b50
a66,b56
a27,b29
a17,b23
a18,b19
a23,b49
a47,b40
a35,b29
a1,b33
a69,b34
a42,b5
a54,b3
a29,b12
a35,b16
a33,b29
a65,b55
a51,b31
a47,b35
a31,b57
a70,b43
a33,b18
a8,b70
a36,b43
a70,b66
a16,b63
a13,b10
a34,b62
a59,b35
a45,b29
a53,b33
a33,b19
a15,b41
a36,b65
a13,b66
a41,b69
a19,b6
a12,b14
a49,b46
a35,b11
a39,b23
a57,b15
a4,b6
a0,b67
a67,b36
a35,b48
a44,b37
a40,b20
a22,b56
a59,b33
a52,b26
a58,b7
a18,b29
a39,b18
a43,b7
a44,b7
a29,b43
a42,b33
a10,b15
a35,b25
a31,b54
a67,b56
a57,b17
a51,b53
a47,b15
a43,b32
a40,b0
a31,b64
a8,b64
a48,b66
a50,b36
a9,b30
a33,b37
a47,b23
a29,b60
a0,b16
a53,b4
a38,b17
a6,b3
a53,b13
a53,b14
a63,b54
a29,b16
a36,b55
a47,b62
a37,b10
a56,b53
a44,b67
a63,b39
a69,b66
a21,b1
a60,b14
a39,b55
a42,b23
a1,b7
a39,b7
a23,b55
a26,b10
a55,b44
a26,b36
a23,b68
a56,b21
a27,b18
a1,b24
a48,b50
a16,b48
a7,b52
a39,b45
a43,b42
a52,b41
a6,b48
a45,b57
a9,b50
a13,b35
a46,b11
a38,b43
a0,b14
a22,b57
a20,b2
a41,b59
a26,b12
a34,b48
a7,b46
a20,b31
a5,b8
a64,b57
a43,b57
a39,b35
a4,b9
a28,b20
a67,b19
a31,b4
a51,b9
a8,b61
a47,b59
a62,b57
a50,b17
a54,b37
a62,b12
a8,b30
a10,b14
a68,b13
a6,b1
a3,b27
a43,b9
a47,b34
a5,b44
a64,b54
a39,b58
a65,b0
a1,b53
a62,b16
a5,b42
a14,b13
a34,b4
a44,b29
a50,b67
a46,b37
a21,b57
a4,b28
a63,b59
a36,b48
a33,b58
a47,b24
a6,b18
a22,b2
a64,b42
a23,b47
a25,b50
a70,b12
a18,b44
a33,b56
a15,b62
a62,b4
a38,b28
a11,b24
a70,b63
a56,b3
a40,b49
a62,b21
a23,b41
a34,b55
a38,b68
a11,b20
a16,b70
a19,b65
a17,b44
a65,b62
a14,b66
a67,b16
a33,b15
a52,b7
a40,b34
a10,b16
a20,b38
a57,b11
a47,b31
a68,b10
a6,b45
a30,b44
a66,b2
a40,b46
a16,b50
a9,b42
a24,b52
a50,b69
a3,b17
a16,b18
a23,b22
a48,b16
a24,b24
a9,b36
a58,b36
a52,b6
a16,b16
a57,b19
a34,b28
a8,b67
a61,b36
a14,b54
a53,b26
a48,b70
a69,b1
a38,b24
a0,b22
a21,b23
a3,b31
a70,b59
a49,b31
a50,b5
a31,b58
a64,b56
a18,b23
a17,b61
a42,b68
a54,b17
a34,b1
a56,b24
a51,b1
a41,b4
a44,b14
a1,b50
a52,b70
a62,b27
a4,b7
a11,b11
a11,b37
a20,b22
a59,b32
a32,b21
a54,b62
a20,b11
a14,b18
a56,b27
a58,b35
a62,b41
a61,b24
a28,b61
a15,b13
a23,b0
a47,b32
a34,b41
a28,b60
a37,b1
a57,b44
a64,b53
a36,b53
a18,b41
a7,b31
a32,b13
a40,b22
a18,b50
a42,b3
a56,b42
a66,b52
a64,b32
a31,b28
a15,b0
a30,b15
a9,b17
a8,b56
a64,b46
a48,b45
a59,b22
a14,b32
a29,b32
a6,b20
a51,b8
a14,b68
a1,b28
a67,b4
a44,b8
a60,b57
a19,b58
a30,b1
a23,b48
a48,b39
a38,b9
a52,b39
a8,b47
a21,b30
a48,b15
a4,b25
a11,b42
a57,b70
a64,b13
a0,b51
a24,b12
a13,b36
a20,b44
a39,b9
a30,b29
a15,b59
a19,b61
a60,b43
a68,b12
a59,b17
a0,b25
a31,b17
a65,b25
a17,b11
a31,b9
a36,b40
a48,b30
a19,b30
a68,b62
a11,b1
a46,b19
a51,b30
a43,b8
a3,b44
a11,b10
a35,b54
a28,b28
a70,b50
a50,b48
a70,b6
a11,b47
a45,b46
a62,b68
a25,b2
a68,b43
a11,b17
a34,b3
a69,b61
a0,b18
a12,b41
a24,b27
a3,b48
a30,b23
a2,b42
a10,b61
a3,b70
a7,b42
a14,b11
a62,b19
a64,b55
a15,b35
a65,b56
a64,b27
a19,b34
a52,b68
a63,b9
a44,b51
a45,b21
a65,b8
a10,b17
a59,b38
a54,b21
a37,b6
a8,b24
a9,b49
a28,b33
a5,b10
a40,b1
a27,b22
a24,b22
a64,b34
a50,b58
a3,b18
a57,b20
a18,b4
a62,b35
a19,b21
a60,b8
a6,b28
a20,b9
a38,b45
a47,b11
a38,b5
a42,b69
a67,b29
a25,b69
a57,b30
a51,b55
a1,b9
a52,b37
a30,b38
a14,b26
a70,b17
a37,b41
a52,b35
a28,b70
a17,b10
a58,b24
a48,b61
a36,b42
a5,b34
a40,b3
a18,b55
a37,b30
a69,b68
a55,b17
a1,b69
a65,b57
a9,b8
a6,b21
a67,b22
a26,b46
a63,b67
a18,b42
a23,b31
a23,b4
a61,b45
a33,b3
a56,b10
a31,b32
a5,b36
a47,b10
a40,b61
a2,b0
a23,b3
a14,b65
a21,b39
a13,b51
a40,b52
a57,b0
a1,b20
a59,b48
a27,b45
a60,b24
a33,b53
a2,b35
a44,b1
a17,b24
a50,b18
a19,b62
a19,b66
a16,b68
a4,b58
a13,b13
a16,b30
a33,b23
a68,b31
a0,b3
a65,b40
a28,b0
a16,b20
a64,b7
a30,b32
a49,b1
a33,b50
a34,b21
a49,b59
a70,b53
a70,b23
a64,b38
a51,b65
a41,b66
a33,b32
a32,b19
a60,b61
a24,b5
a61,b20
a0,b58
a1,b32
a4,b47
a38,b12
a61,b37
a1,b4
a26,b45
a14,b16
a55,b19
a6,b42
a45,b50
a38,b35
a40,b41
a54,b36
a58,b67
a54,b10
a51,b66
a41,b10
a12,b8
a41,b48
a1,b68
a0,b0
a43,b53
a69,b46
a57,b1
a69,b52
a35,b44
a68,b22
a20,b66
a43,b30
a26,b62
a37,b52
a49,b2
a38,b3
a14,b52
a67,b64
a30,b25
a67,b67
a57,b5
a22,b47
a62,b39
a10,b56
a63,b41
a54,b7
a0,b4
a65,b27
a65,b1
a2,b24
a38,b61
a62,b42
a62,b38
a66,b33
a52,b61
a27,b37
a2,b52
a43,b47
a37,b35
a10,b67
a43,b17
a33,b60
a61,b11
a63,b29
a37,b42
a56,b46
a26,b42
a31,b66
a31,b18
a41,b1
a45,b14
a36,b50
a7,b51
a22,b29
a12,b13
a44,b59
a47,b64
a27,b20
a12,b20
a49,b20
a25,b26
a1,b10
a65,b49
a53,b58
a24,b38
a14,b17
a70,b60
a7,b56
a33,b8
a10,b41
a4,b1
a8,b7
a12,b40
a33,b43
a20,b55
a25,b40
a70,b69
a26,b40
a38,b30
a55,b66
a34,b58
a27,b16
a59,b6
a28,b29
a68,b35
a22,b48
a54,b57
a33,b21
a69,b26
a22,b5
a47,b61
a3,b3
a41,b29
a32,b60
a2,b49
a40,b48
a25,b29
a16,b19
a58,b43
a2,b2
a21,b37
a45,b58
a42,b54
a21,b68
a41,b3
a6,b9
a43,b48
a30,b49
a43,b19
a67,b66
a54,b43
a3,b26
a29,b27
a17,b65
a7,b15
a22,b11
a16,b39
a57,b54
a12,b9
a11,b50
a46,b13
a16,b36
a49,b50
a31,b2
a25,b5
a5,b15
a34,b0
a32,b7
a60,b3
a21,b60
a55,b38
a50,b68
a64,b36
a65,b13
a62,b8
a43,b10
a24,b40
a64,b22
a19,b28
a33,b5
a51,b19
a69,b39
a55,b50
a63,b31
a9,b24
a19,b37
a34,b60
a58,b29
a30,b39
a30,b41
a46,b5
a45,b27
a26,b58
a11,b19
a65,b33
a48,b4
a52,b60
a1,b44
a25,b39
a45,b22
a68,b55
a32,b29
a42,b58
a28,b39
a67,b70
a5,b53
a30,b45
a53,b31
a38,b36
a18,b53
a1,b46
a16,b47
a30,b54
a29,b26
a59,b26
a0,b8
a41,b45
a38,b52
a66,b10
a51,b34
a2,b5
a22,b69
a68,b50
a69,b62
a21,b24
a4,b29
a32,b45
a52,b40
a37,b62
a35,b31
a20,b21
a27,b11
a58,b65
a0,b43
a5,b66
a41,b41
a24,b35
a31,b48
a65,b29
a36,b59
a29,b53
a62,b50
a11,b6
a7,b61
a12,b6
a17,b12
a24,b61
a1,b64
a27,b19
a5,b5
a42,b14
a32,b23
a29,b38
a26,b1
a49,b40
a47,b50
a50,b9
a30,b11
a24,b1
a62,b31
a37,b46
a39,b0
a27,b62
a40,b13
a45,b6
a61,b59
a60,b11
a16,b2
a12,b12
a65,b41
a39,b38
a63,b60
a62,b61
a60,b41
a55,b65
a43,b68
a59,b34
a42,b37
a19,b0
a22,b15
a55,b56
a53,b53
a1,b19
a2,b59
a7,b48
a37,b23
a35,b62
a32,b55
a9,b65
a61,b51
a61,b15
a6,b62
a37,b25
a29,b50
a51,b41
a23,b25
a42,b15
a16,b52
a15,b25
a24,b41
a61,b64
a55,b47
a36,b60
a56,b61
a60,b4
a25,b70
a67,b57
a38,b4
a6,b0
a37,b60
a32,b10
a7,b11
a5,b56
a14,b5
a63,b1
a15,b39
a68,b2
a59,b25
a12,b54
a13,b20
a44,b24
a47,b33
a14,b70
a58,b49
