b,c
b37,c13
b23,c12
b0,c30
b28,c14
b70,c44
b50,c5
b21,c25
b48,c38
b45,c15
b63,c46
b37,c70
b32,c5
b18,c15
b47,c18
b44,c65
b17,c46
b53,c61
b27,c20
b32,c51
b41,c21
b12,c3
b44,c46
b60,c6
b62,c62
b42,c59
b27,c51
b7,c53
b3,c60
b16,c52
b67,c34
b36,c43
b36,c67
b22,c24
b51,c15
b56,c12
b59,c45
b43,c8
b26,c37
b49,c10
b25,c25
b53,c31
b21,c50
b13,c38
b30,c61
b7,c33
b22,c11
b42,c43
b68,c42
b12,c14
b15,c65
b37,c12
b45,c61
b55,c45
b57,c58
b17,c67
b36,c0
b12,c15
b66,c22
b2,c62
b0,c40
b2,c50
b20,c15
b6,c67
b39,c10
b66,c57
b48,c58
b39,c62
b35,c29
b23,c70
b48,c25
b21,c34
b30,c44
b20,c64
b19,c56
b8,c3
b32,c15
b49,c53
b7,c64
b47,c45
b57,c33
b24,c30
b21,c49
b43,c55
b63,c29
b28,c32
b41,c0
b51,c56
b17,c1
b54,c11
b52,c24
b53,c29
b53,c58
b57,c3
b65,c67
b42,c22
b6,c69
b43,c67
b58,c19
b54,c41
b1,c44
b7,c44
b12,c55
b0,c11
b59,c25
b3,c70
b54,c36
b60,c16
b52,c18
b9,c67
b6,c38
b17,c23
b57,c31
b23,c13
b45,c28
b29,c56
b16,c39
b55,c19
b50,c42
b61,c57
b37,c62
b66,c63
b26,c28
b52,c57
b19,c40
b56,c11
b34,c46
b40,c45
b55,c67
b3,c3
b46,c69
b64,c25
b46,c14
b66,c14
b33,c0
b58,c14
b13,c17
b56,c17
b5,c23
b15,c33
b20,c33
b54,c64
b14,c3
b41,c41
b68,c8
b49,c30
b48,c37
b20,c50
b49,c54
b36,c5
b25,c15
b17,c52
b63,c45
b24,c1
b43,c46
b32,c38
b50,c1
b42,c12
b51,c64
b10,c29
b21,c3
b39,c51
b53,c2
b34,c45
b59,c3
b29,c69
b0,c38
b68,c31
b56,c20
b15,c67
b33,c29
b49,c27
b38,c6
b63,c56
b39,c0
b6,c23
b55,c0
b8,c61
b11,c8
b60,c62
b67,c57
b15,c52
b23,c42
b20,c16
b3,c51
b57,c4
b1,c46
b42,c66
b32,c21
b4,c31
b40,c8
b4,c16
b36,c27
b35,c45
b40,c43
b39,c15
b0,c46
b0,c2
b54,c47
b50,c45
b37,c52
b42,c41
b19,c3
b40,c52
b38,c45
b22,c41
b5,c18
b58,c68
b40,c37
b33,c9
b63,c58
b67,c50
b66,c32
b68,c33
b16,c47
b44,c49
b9,c29
b58,c5
b44,c56
b7,c50
b12,c48
b39,c34
b47,c21
b38,c17
b15,c19
b7,c55
b37,c27
b39,c31
b34,c14
b27,c19
b37,c16
b6,c7
b15,c55
b31,c52
b28,c58
b47,c6
b66,c61
b22,c2
b60,c46
b63,c31
b17,c57
b48,c50
b35,c31
b69,c38
b27,c52
b57,c10
b7,c54
b23,c11
b40,c4
b68,c14
b38,c67
b45,c58
b25,c61
b49,c46
b64,c65
b57,c36
b44,c26
b10,c61
b51,c55
b30,c62
b66,c2
b29,c26
b30,c26
b38,c19
b45,c7
b8,c22
b44,c23
b60,c53
b45,c12
b19,c2
b66,c19
b46,c66
b57,c22
b31,c25
b9,c51
b60,c20
b40,c13
b47,c53
b21,c24
b23,c33
b0,c51
b2,c51
b10,c23
b56,c48
b9,c61
b62,c20
b1,c18
b47,c61
b42,c52
b68,c20
b62,c46
b45,c36
b2,c17
b70,c3
b46,c41
b54,c52
b67,c33
b59,c46
b29,c63
b63,c2
b50,c6
b1,c47
b6,c11
b60,c68
b25,c18
b21,c70
b18,c59
b66,c67
b50,c55
b20,c57
b69,c52
b65,c30
b3,c30
b34,c59
b44,c34
b69,c14
b67,c54
b58,c42
b60,c61
b63,c10
b68,c29
b38,c59
b64,c17
b25,c40
b41,c57
b9,c50
b45,c56
b14,c19
b67,c9
b30,c21
b49,c9
b57,c14
b36,c66
b57,c29
b36,c63
b54,c31
b43,c0
b2,c31
b30,c4
b46,c29
b14,c58
b18,c45
b44,c48
b66,c66
b29,c22
b23,c7
b44,c15
b58,c7
b46,c36
b40,c27
b28,c69
b25,c46
b21,c56
b3,c12
b59,c65
b5,c14
b42,c27
b22,c18
b60,c14
b45,c38
b22,c9
b43,c34
b54,c62
b15,c27
b57,c43
b7,c68
b55,c62
b68,c12
b44,c32
b25,c19
b68,c64
b62,c14
b7,c39
b5,c4
b69,c17
b6,c48
b11,c23
b16,c26
b8,c60
b48,c42
b56,c32
b2,c58
b15,c60
b55,c52
b33,c13
b20,c62
b3,c63
b42,c62
b54,c45
b28,c16
b39,c70
b53,c46
b50,c40
b45,c40
b30,c10
b34,c12
b31,c46
b47,c54
b34,c60
b58,c51
b69,c49
b65,c0
b16,c4
b60,c15
b68,c22
b5,c3
b18,c5
b68,c45
b26,c17
b37,c46
b52,c50
b32,c57
b54,c60
b55,c34
b40,c63
b39,c68
b0,c55
b60,c22
b37,c7
b50,c12
b63,c67
b29,c67
b22,c10
b35,c18
b15,c22
b9,c14
b11,c18
b62,c56
b21,c68
b28,c5
b28,c67
b53,c0
b28,c3
b18,c22
b57,c69
b1,c12
b28,c48
b46,c8
b68,c1
b43,c47
b32,c12
b61,c55
b66,c39
b47,c19
b67,c16
b48,c67
b22,c67
b47,c55
b63,c16
b44,c37
b7,c62
b12,c22
b68,c30
b45,c30
b43,c9
b6,c51
b32,c11
b17,c65
b65,c11
b34,c24
b35,c16
b49,c14
b61,c20
b9,c18
b45,c25
b63,c11
b4,c42
b17,c56
b9,c27
b47,c48
b66,c42
b56,c3
b14,c16
b49,c60
b1,c11
b24,c10
b2,c36
b29,c42
b64,c70
b20,c32
b69,c35
b31,c47
b36,c34
b31,c18
b12,c53
b24,c8
b58,c52
b48,c33
b51,c52
b21,c64
b9,c1
b13,c54
b56,c31
b17,c11
b7,c32
b15,c1
b68,c11
b69,c46
b24,c52
b4,c25
b18,c1
b42,c44
b59,c21
b35,c52
b57,c2
b55,c53
b63,c9
b12,c19
b57,c26
b34,c7
b10,c60
b70,c32
b62,c48
b32,c23
b9,c6
b58,c18
b32,c36
b13,c39
b4,c48
b43,c35
b28,c41
b14,c9
b24,c54
b32,c65
b43,c33
b27,c1
b15,c40
b41,c40
b23,c59
b64,c49
b50,c38
b14,c7
b58,c23
b6,c50
b61,c13
b7,c22
b53,c54
b60,c2
b69,c70
b68,c58
b48,c18
b39,c48
b1,c3
b31,c69
b67,c64
b49,c64
b20,c19
b35,c39
b62,c42
b52,c23
b59,c31
b51,c16
b30,c34
b53,c62
b38,c33
b63,c5
b20,c39
b43,c12
b9,c24
b34,c13
b49,c25
b43,c69
b36,c18
b41,c60
b51,c68
b29,c61
b19,c23
b2,c2
b54,c30
b59,c1
b0,c19
b0,c5
b51,c69
b32,c70
b51,c7
b25,c67
b23,c22
b2,c57
b60,c60
b45,c34
b58,c3
b7,c18
b63,c14
b67,c58
b43,c1
b13,c32
b29,c50
b53,c1
b30,c24
b59,c57
b2,c44
b8,c2
b41,c8
b33,c38
b2,c66
b7,c20
b24,c70
b20,c60
b62,c4
b11,c9
b66,c60
b67,c52
b34,c21
b47,c22
b68,c25
b36,c47
b18,c67
b7,c26
b30,c33
b33,c15
b20,c23
b46,c51
b50,c54
b55,c26
b53,c64
b67,c15
b66,c0
b34,c1
b1,c45
b23,c23
b37,c14
b16,c20
b36,c32
b18,c60
b26,c69
b68,c32
b9,c52
b3,c13
b58,c22
b54,c58
b29,c53
b44,c18
b66,c56
b37,c34
b57,c63
b67,c13
b39,c18
b19,c68
b54,c56
b30,c38
b50,c9
b22,c70
b9,c37
b3,c53
b41,c53
b38,c11
b38,c28
b26,c4
b43,c7
b42,c46
b5,c63
b68,c62
b10,c69
b54,c13
b8,c19
b17,c8
b33,c10
b41,c56
b63,c38
b55,c70
b18,c43
b28,c36
b19,c61
b1,c35
b70,c52
b62,c1
b41,c70
b54,c46
b38,c39
b49,c51
b1,c13
b4,c6
b23,c65
b35,c17
b58,c57
b26,c57
b68,c39
b1,c8
b18,c38
b4,c1
b3,c35
b48,c65
b19,c52
b38,c3
b40,c16
b10,c30
b31,c26
b19,c39
b57,c46
b8,c58
b23,c69
b27,c16
b59,c12
b44,c33
b43,c10
b26,c10
b56,c0
b25,c1
b7,c47
b39,c59
b70,c40
b61,c28
b54,c10
b49,c62
b31,c36
b31,c56
b60,c32
b10,c38
b29,c25
b49,c43
b11,c41
b30,c2
b47,c16
b65,c16
b42,c4
b6,c15
b31,c50
b20,c47
b10,c18
b33,c62
b29,c8
b70,c12
b23,c51
b11,c7
b8,c66
b11,c20
b26,c42
b58,c64
b25,c38
b48,c51
b70,c66
b1,c48
b2,c64
b23,c18
b62,c31
b52,c60
b33,c21
b13,c55
b61,c32
b16,c31
b22,c35
b61,c50
b17,c37
b9,c45
b0,c14
b41,c67
b31,c29
b63,c49
b22,c34
b19,c64
b17,c16
b56,c37
b49,c37
b26,c14
b53,c14
b1,c33
b35,c43
b64,c30
b3,c22
b7,c67
b57,c18
b70,c16
b21,c6
b12,c27
b14,c55
b22,c63
b37,c51
b65,c22
b54,c0
b3,c34
b42,c68
b13,c69
b43,c49
b36,c42
b26,c1
b8,c13
b50,c23
b15,c11
b68,c60
b30,c7
b1,c16
b70,c8
b48,c29
b45,c53
b9,c46
b30,c20
b30,c57
b31,c4
b26,c64
b56,c59
b56,c60
b33,c39
b64,c43
b22,c44
b9,c30
b41,c1
b55,c29
b30,c13
b7,c69
b52,c55
b29,c48
b52,c1
b48,c12
b25,c50
b29,c29
b40,c18
b10,c50
b9,c26
b64,c56
b42,c48
b23,c58
b33,c46
b46,c37
b61,c42
b17,c36
b16,c13
b12,c33
b21,c20
b53,c17
b1,c37
b0,c65
b15,c62
b61,c8
b44,c14
b26,c61
b11,c39
b21,c39
b62,c2
b23,c19
b29,c43
b38,c5
b23,c49
b32,c58
b50,c64
b55,c1
b39,c17
b53,c67
b16,c16
b7,c6
b52,c66
b52,c15
b5,c68
b46,c42
b56,c7
b29,c55
b20,c7
b47,c2
b26,c55
b30,c52
b4,c12
b8,c25
b35,c34
b52,c8
b64,c59
b11,c54
b58,c63
b1,c38
b34,c10
b46,c68
b56,c44
b52,c61
b47,c32
b58,c67
b29,c35
b39,c13
b66,c24
b25,c8
b17,c21
b65,c44
b69,c39
b69,c48
b61,c33
b29,c12
b27,c39
b21,c5
b24,c19
b2,c65
b43,c15
b15,c28
b24,c59
b39,c61
b18,c54
b32,c24
b31,c70
b12,c39
b69,c53
b3,c23
b10,c34
b2,c37
b7,c24
b32,c46
b66,c33
b38,c41
b45,c50
b59,c48
b49,c26
b42,c34
b31,c67
b44,c38
b64,c16
b5,c24
b49,c23
b42,c64
b37,c22
b47,c66
b62,c36
b31,c37
b42,c17
b22,c1
b64,c51
b65,c68
b1,c21
b47,c9
b24,c5
b19,c30
b10,c49
b14,c50
b52,c70
b67,c24
b3,c65
b54,c63
b13,c24
b68,c24
b12,c56
b50,c52
b62,c17
b27,c11
b3,c10
b21,c44
b55,c43
b23,c37
b70,c43
b26,c39
b27,c41
b17,c64
b27,c9
b47,c12
b70,c13
b12,c6
b61,c31
b28,c42
b43,c30
b27,c22
b0,c57
b9,c59
b54,c40
b47,c57
b60,c54
b7,c1
b5,c48
b65,c70
b26,c29
b60,c48
b0,c8
b30,c64
b59,c9
b18,c34
b49,c12
b38,c55
b29,c51
b61,c52
b17,c35
b57,c67
b39,c60
b7,c43
b68,c50
b7,c51
b28,c66
b65,c54
b23,c67
b0,c22
b56,c26
b12,c52
b59,c18
b54,c3
b37,c42
b14,c14
b19,c12
b26,c27
b32,c27
b36,c6
b54,c50
b32,c60
b39,c14
b69,c41
b10,c6
b66,c44
b55,c14
b1,c64
b61,c10
b42,c8
b44,c12
b25,c56
b52,c7
b25,c13
b29,c31
b29,c6
b27,c69
b8,c64
b19,c44
b5,c60
b10,c1
b8,c30
b7,c3
b70,c38
b46,c53
b58,c38
b43,c50
b34,c54
b8,c5
b1,c50
b66,c52
b45,c1
b8,c21
b20,c1
b5,c58
b57,c61
b34,c18
b5,c67
b62,c29
b29,c54
b41,c45
b43,c70
b57,c15
b51,c43
b2,c33
b39,c58
b29,c39
b11,c16
b30,c18
b30,c56
b58,c1
b2,c10
b20,c27
b49,c41
b28,c43
b44,c62
b23,c61
b58,c24
b16,c21
b10,c17
b23,c62
b4,c59
b28,c49
b24,c51
b69,c64
b52,c25
b4,c68
b55,c30
b17,c41
b19,c41
b62,c61
b5,c51
b31,c0
b46,c16
b49,c42
b28,c7
b69,c57
b24,c46
b14,c35
b17,c34
b9,c41
b23,c41
b41,c20
b53,c41
b60,c25
b11,c68
b45,c19
b21,c54
b40,c69
b35,c1
b17,c43
b51,c17
b6,c18
b63,c32
b24,c38
b31,c39
b26,c23
b29,c40
b6,c29
b4,c54
b39,c65
b29,c58
b36,c60
b40,c2
b66,c4
b16,c58
b34,c58
b69,c60
b27,c42
b5,c21
b62,c43
b2,c40
b63,c70
b70,c69
b63,c17
b26,c48
b11,c64
b67,c31
b53,c47
b61,c61
b24,c2
b27,c28
b64,c47
b11,c58
b23,c24
b52,c65
b39,c24
b17,c10
b60,c51
b23,c1
b0,c18
b30,c65
b21,c21
b63,c66
b55,c36
b30,c48
b47,c35
b24,c47
b20,c58
b7,c38
b12,c47
b45,c65
b41,c31
b44,c1
b54,c42
b69,c11
b5,c70
b14,c69
b20,c35
b35,c23
b31,c66
b13,c5
b53,c19
b22,c6
b43,c56
b62,c15
b40,c57
b29,c9
b17,c59
b26,c54
b47,c34
b3,c8
b47,c51
b3,c19
b0,c24
b29,c47
b18,c36
b12,c46
b53,c70
b60,c38
b25,c22
b46,c7
b4,c65
b47,c39
b65,c45
b68,c40
b48,c62
b4,c18
b58,c62
b3,c67
b48,c57
b4,c63
b15,c32
b4,c3
b13,c20
b35,c8
b50,c41
b1,c55
b27,c25
b37,c64
b35,c4
b13,c59
b45,c68
b54,c20
b27,c8
b34,c15
b4,c33
b43,c44
b17,c61
b63,c40
b11,c57
b12,c25
b59,c56
b32,c43
b35,c35
b53,c27
b40,c60
b19,c9
b10,c51
b37,c60
b32,c40
b50,c32
b5,c1
b60,c63
b46,c27
b31,c3
b27,c67
b38,c34
b64,c23
b12,c70
b67,c49
b19,c62
b7,c60
b15,c7
b5,c43
b16,c67
b52,c43
b10,c16
b17,c27
b22,c32
b39,c43
b28,c57
b63,c39
b15,c44
b17,c40
b42,c29
b49,c52
b27,c31
b4,c47
b14,c56
b37,c3
b48,c54
b33,c40
b57,c32
b38,c37
b49,c45
b14,c52
b12,c4
b66,c29
b37,c26
b56,c53
b37,c4
b35,c33
b56,c66
b66,c35
b68,c5
b1,c20
b44,c57
b1,c32
b50,c25
b42,c70
b18,c10
b0,c58
b69,c42
b58,c39
b32,c19
b53,c40
b50,c30
b61,c17
b20,c52
b68,c53
b3,c47
b52,c68
b30,c12
b27,c50
b50,c33
b19,c54
b65,c23
b0,c10
b69,c62
b34,c43
b35,c38
b12,c0
b48,c45
b5,c41
b1,c68
b13,c31
b33,c5
b54,c68
b13,c6
b55,c38
b35,c13
b9,c15
b46,c63
b35,c14
b33,c6
b49,c59
b54,c37
b16,c12
b65,c63
b64,c0
b3,c32
b55,c68
b35,c40
b6,c47
b41,c26
b54,c32
b1,c26
b62,c44
b59,c32
b18,c29
b18,c62
b56,c58
b41,c69
b59,c49
b26,c62
b48,c6
b11,c6
b64,c6
b29,c1
b25,c2
b55,c8
b56,c50
b12,c64
b51,c21
b54,c4
b24,c39
b18,c65
b34,c26
b69,c36
b9,c12
b52,c47
b62,c52
b60,c24
b59,c13
b39,c32
b25,c52
b0,c41
b37,c59
b22,c4
b47,c27
b15,c15
b30,c59
b0,c45
b63,c65
b1,c4
b0,c54
b0,c3
b5,c56
b20,c5
b8,c14
b25,c17
b60,c59
b67,c12
b26,c45
b27,c24
b42,c5
b50,c43
b11,c12
b62,c19
b62,c69
b69,c12
b57,c68
b66,c68
b32,c68
b53,c48
b14,c68
b64,c68
b20,c51
b67,c14
b49,c20
b48,c44
b14,c38
b15,c0
b70,c46
b35,c64
b36,c35
b70,c65
b69,c13
b52,c59
b6,c35
b59,c60
b26,c60
b40,c17
b5,c30
b42,c60
b60,c12
b44,c4
b32,c39
b10,c45
b53,c42
b37,c47
b17,c17
b63,c59
b19,c0
b18,c32
b21,c45
b24,c64
b1,c57
b64,c31
b4,c27
b16,c35
b2,c56
b62,c8
b29,c34
b10,c22
b40,c12
b44,c29
b40,c38
b41,c24
b15,c49
b8,c12
b8,c24
b70,c47
b8,c68
b17,c15
b69,c7
b17,c38
b32,c16
b67,c20
b10,c40
b33,c67
b14,c2
b3,c54
b66,c47
b47,c43
b13,c56
b20,c14
b9,c66
b47,c70
b65,c59
b33,c23
b11,c32
b35,c51
b19,c35
b47,c13
b61,c58
b44,c7
b6,c61
b19,c48
b37,c43
b21,c13
b23,c44
b43,c3
b25,c51
b3,c41
b55,c5
b37,c48
b34,c9
b64,c26
b70,c39
b60,c31
b34,c40
b50,c16
b25,c49
b54,c65
b16,c15
b4,c32
b48,c35
b35,c25
b21,c67
b25,c11
b70,c4
b63,c23
b58,c40
b47,c30
b40,c55
b20,c59
b8,c6
b65,c46
b31,c68
b22,c29
b35,c70
b39,c27
b54,c14
b29,c4
b2,c47
b44,c35
b34,c37
b28,c59
b11,c36
b18,c16
b17,c51
b55,c27
b12,c62
b66,c62
b38,c12
b31,c15
b9,c17
b25,c24
b46,c67
b24,c28
b20,c46
b17,c66
b11,c45
b3,c38
b19,c28
b3,c48
b46,c47
b50,c17
b29,c37
b69,c54
b31,c23
b29,c27
b69,c59
b41,c13
b34,c30
b3,c21
b42,c20
b47,c58
b16,c0
b5,c47
b23,c6
b28,c40
b12,c44
b13,c29
b1,c14
b57,c13
b44,c50
b22,c19
b57,c53
b63,c37
b61,c23
b39,c41
b38,c49
b5,c52
b27,c17
b16,c66
b59,c50
b49,c57
b54,c8
b70,c55
b13,c70
b13,c53
b62,c51
b3,c37
b41,c19
b7,c41
b33,c65
b26,c2
b53,c30
b56,c49
b16,c30
b45,c54
b37,c61
b34,c16
b24,c25
b36,c3
b17,c63
b37,c63
b30,c53
b57,c9
b50,c48
b61,c14
b56,c22
b32,c42
b42,c6
b37,c10
b29,c10
b18,c37
b6,c17
b16,c46
b36,c16
b29,c41
b66,c36
b70,c62
b68,c67
b27,c60
b21,c11
b6,c31
b16,c50
b50,c29
b66,c58
b65,c8
b39,c9
b31,c44
b66,c27
b45,c27
b30,c3
b27,c0
b67,c0
b65,c35
b14,c24
b45,c35
b27,c5
b62,c67
b31,c14
b61,c56
b30,c9
b51,c51
b56,c45
b6,c27
b6,c33
b28,c20
b53,c66
b9,c69
b15,c26
b22,c27
b61,c63
b5,c57
b4,c21
b2,c3
b32,c22
b21,c48
b45,c18
b19,c14
b23,c30
b22,c51
b55,c10
b39,c53
b45,c14
b37,c23
b4,c34
b8,c49
b50,c70
b22,c40
b49,c21
b16,c60
b54,c27
b14,c30
b9,c7
b49,c18
b70,c64
b66,c38
b39,c46
b48,c5
b25,c12
b8,c15
b38,c63
b39,c57
b27,c57
b64,c64
b26,c16
b64,c3
b26,c65
b69,c51
b56,c15
b45,c47
b39,c23
b67,c56
b24,c36
b69,c30
b47,c41
b54,c51
b17,c33
b6,c62
b27,c48
b63,c26
b1,c9
b27,c46
b39,c63
b18,c64
b25,c21
b51,c49
b24,c33
b62,c13
b10,c65
b44,c42
b67,c39
b40,c28
b25,c58
b2,c23
b42,c42
b19,c31
b30,c70
b15,c10
b67,c2
b44,c13
b55,c24
b24,c41
b19,c65
b49,c50
b36,c57
b31,c32
b22,c12
b27,c62
b27,c27
b27,c56
b22,c21
b70,c17
b60,c44
b64,c32
b38,c57
b45,c63
b59,c28
b9,c47
b6,c64
b53,c9
b12,c5
b8,c34
b7,c63
b18,c55
b22,c64
b22,c33
b51,c42
b36,c25
b50,c28
b32,c67
b52,c12
b24,c42
b57,c47
b22,c62
b7,c29
b42,c31
b16,c63
b9,c56
b11,c65
b69,c28
b44,c8
b70,c24
b62,c66
b8,c67
b64,c35
b9,c35
b1,c41
b31,c49
b52,c4
b68,c55
b20,c66
b47,c1
b10,c37
b21,c2
b32,c29
b23,c8
b29,c28
b52,c62
b33,c28
b2,c22
b19,c16
b44,c30
b11,c34
b66,c48
b13,c19
b62,c5
b30,c5
b2,c1
b51,c1
b10,c12
b30,c39
b15,c42
b22,c49
b1,c42
b42,c67
b40,c67
b30,c15
b7,c66
b66,c50
b33,c2
b40,c25
b4,c37
b1,c5
b47,c46
b29,c36
b31,c10
b13,c26
b62,c33
b24,c61
b59,c68
b41,c23
b55,c12
b0,c50
b16,c43
b61,c6
b48,c19
b19,c4
b7,c61
b28,c62
b36,c26
b36,c30
b4,c57
b7,c49
b49,c55
b14,c33
b30,c54
b66,c5
b19,c43
b52,c9
b43,c31
b20,c61
b46,c30
b35,c44
b69,c27
b52,c29
b0,c37
b58,c66
b63,c25
b69,c37
b69,c65
b58,c61
b22,c45
b54,c19
b61,c69
b45,c13
b57,c52
b67,c21
b18,c8
b24,c55
b7,c48
b24,c56
b23,c50
b54,c6
b41,c35
b14,c53
b40,c30
b42,c28
b6,c8
b2,c70
b40,c53
b63,c51
b57,c55
b37,c54
b32,c3
b5,c33
b42,c63
b50,c15
b14,c37
b21,c69
b67,c67
b19,c26
b5,c45
b25,c44
b59,c67
b46,c48
b25,c41
b26,c20
b20,c31
b13,c28
b42,c40
b32,c63
b56,c55
b1,c39
b12,c1
b11,c22
b5,c16
b4,c14
b10,c2
b21,c62
b32,c66
b68,c43
b59,c23
b15,c68
b51,c11
b16,c28
b62,c58
b55,c15
b3,c14
b68,c35
b59,c8
b58,c0
b31,c42
b23,c26
b61,c16
b65,c32
b46,c70
b68,c38
b10,c55
b70,c59
b67,c65
b11,c47
b17,c3
b52,c64
b18,c40
b24,c50
b40,c61
b62,c3
b34,c11
b17,c45
b63,c68
b39,c49
b70,c29
b61,c65
b28,c11
b67,c43
b27,c44
b69,c66
b11,c27
b38,c22
b9,c4
b36,c19
b32,c61
b16,c65
b29,c24
b18,c23
b16,c68
b40,c0
b18,c31
b69,c67
b40,c41
b20,c56
b66,c26
b34,c5
b32,c53
b5,c5
b36,c24
b63,c33
b64,c24
b66,c55
b20,c68
b13,c50
b23,c21
b17,c24
b28,c56
b34,c56
b60,c64
b46,c28
b66,c40
b22,c30
b6,c6
b5,c64
b4,c53
b42,c9
b56,c13
b65,c65
b54,c25
b15,c6
b17,c50
b35,c5
b25,c9
b67,c62
b47,c17
b29,c14
b54,c12
b11,c59
b21,c9
b19,c70
b51,c19
b34,c67
b60,c9
b70,c42
b2,c13
b13,c13
b58,c6
b43,c39
b51,c66
b39,c64
b47,c11
b59,c30
b21,c61
b29,c49
b34,c8
b23,c20
b55,c13
b41,c27
b40,c51
b34,c25
b39,c47
b64,c11
b45,c41
b28,c15
b53,c35
b52,c46
b3,c44
b43,c36
b31,c48
b46,c18
b4,c9
b11,c33
b52,c33
b29,c59
b44,c47
b36,c2
b15,c31
b63,c20
b36,c4
b6,c53
b60,c35
b7,c14
b46,c1
b56,c62
b22,c66
b10,c9
b70,c70
b7,c40
b66,c10
b38,c56
b27,c6
b58,c26
b66,c13
b8,c55
b46,c54
b31,c6
b36,c61
b65,c1
b26,c19
b13,c11
b18,c17
b37,c2
b38,c9
b7,c46
b9,c33
b70,c58
b66,c9
b13,c14
b1,c28
b17,c44
b33,c56
b39,c20
b32,c8
b31,c33
b41,c30
b60,c11
b16,c56
b23,c54
b40,c59
b13,c30
b35,c57
b67,c55
b58,c34
b69,c47
b48,c14
b48,c70
b17,c14
b13,c21
b62,c55
b40,c21
b0,c34
b8,c47
b42,c45
b51,c40
b25,c0
b41,c68
b18,c70
b37,c21
b47,c24
b46,c11
b55,c3
b37,c44
b66,c6
b50,c46
b12,c13
b43,c68
b3,c4
b8,c57
b58,c70
b7,c52
b60,c70
b61,c25
b54,c57
b43,c65
b53,c34
b64,c41
b35,c56
b45,c31
b18,c68
b16,c44
b38,c16
b13,c15
b41,c32
b49,c6
b51,c67
b43,c53
b62,c45
b7,c21
b29,c16
b68,c28
b66,c1
b51,c63
b25,c39
b41,c29
b40,c44
b27,c63
b22,c56
b65,c15
b36,c1
b21,c63
b52,c42
b24,c45
b40,c39
b66,c7
b50,c26
b55,c18
b14,c36
b37,c32
b36,c51
b24,c43
b1,c62
b54,c38
b18,c11
b41,c2
b26,c59
b20,c11
b44,c16
b57,c48
b46,c20
b19,c53
b23,c68
b47,c40
b43,c28
b46,c24
b6,c1
b41,c54
b60,c65
b44,c27
b63,c18
b22,c16
b55,c9
b15,c9
b31,c24
b24,c14
b28,c27
b32,c47
b33,c3
b39,c29
b46,c52
b57,c51
b62,c27
b23,c32
b43,c43
b57,c65
b1,c59
b14,c0
b51,c46
b12,c41
b6,c40
b70,c6
b70,c41
b30,c6
b37,c24
b28,c64
b63,c4
b33,c18
b26,c63
b24,c65
b7,c17
b6,c52
b59,c61
b42,c2
b56,c52
b35,c48
b32,c52
b25,c5
b52,c30
b1,c69
b12,c32
b34,c50
b45,c16
b28,c25
b29,c2
b36,c9
b47,c10
b67,c68
b45,c64
b68,c10
b15,c13
b39,c52
b2,c53
b28,c65
b41,c37
b4,c64
b41,c12
b63,c69
b20,c41
b67,c5
b4,c43
b58,c30
b23,c55
b16,c34
b39,c12
b46,c31
b8,c46
b28,c12
b38,c0
b66,c70
b38,c21
b39,c56
b5,c31
b53,c6
b43,c48
b51,c26
b0,c62
b35,c69
b39,c19
b70,c28
b13,c16
b18,c53
b4,c46
b21,c16
b68,c69
b35,c47
b14,c65
b11,c48
b70,c50
b3,c0
b39,c36
b10,c59
b68,c2
b48,c56
b31,c65
b50,c21
b33,c30
b36,c50
b1,c6
b5,c11
b47,c63
b55,c63
b52,c16
b23,c46
b24,c0
b15,c5
b10,c31
b56,c5
b61,c38
b60,c58
b11,c17
b55,c6
b55,c21
b8,c43
b66,c21
b45,c67
b25,c70
b5,c34
b18,c57
b8,c16
b3,c33
b23,c15
b13,c63
b27,c59
b46,c55
b5,c53
b26,c32
b2,c41
b32,c54
b20,c29
b68,c54
b45,c2
b29,c15
b60,c8
b3,c59
b48,c16
b67,c27
b44,c43
b21,c43
b68,c16
b52,c19
b47,c56
b45,c8
b14,c12
b6,c65
b32,c17
b4,c51
b0,c36
b2,c42
b31,c11
b69,c5
b54,c9
b67,c7
b66,c37
b51,c61
b33,c25
b19,c20
b51,c28
b18,c7
b55,c54
b55,c31
b63,c42
b47,c8
b45,c62
b9,c28
b25,c55
b29,c7
b33,c33
b13,c40
b30,c41
b53,c8
b34,c27
b63,c19
b22,c50
b19,c1
b32,c35
b49,c49
b52,c22
b31,c1
b20,c37
b50,c34
b20,c26
b14,c47
b34,c3
b20,c3
b29,c45
b53,c57
b33,c17
b41,c51
b46,c62
b56,c19
b24,c24
b19,c46
b53,c11
b49,c3
b2,c16
b6,c3
b31,c40
b58,c56
b38,c62
b64,c45
b49,c11
b6,c32
b22,c15
b29,c38
b55,c59
b27,c3
b48,c36
b47,c38
b58,c45
b2,c29
b30,c19
b44,c19
b3,c5
b8,c26
b63,c13
b13,c10
b51,c37
b55,c56
b61,c18
b19,c19
b11,c14
b4,c60
b20,c22
b56,c18
b49,c47
b52,c54
b63,c15
b44,c54
b59,c62
b40,c58
b65,c3
b14,c4
b41,c7
b8,c42
b45,c52
b67,c36
b46,c65
b70,c56
b50,c36
b52,c0
b69,c2
b21,c26
b26,c0
b35,c36
b7,c13
b59,c33
b44,c6
b2,c19
b33,c41
b5,c35
b34,c4
b62,c7
b47,c0
b43,c37
b13,c57
b46,c44
b27,c34
b38,c70
b8,c44
b14,c60
b3,c49
b4,c19
b68,c61
b49,c40
b4,c44
b11,c67
b23,c56
b28,c0
b30,c28
b34,c35
b4,c61
b4,c41
b20,c24
b27,c30
b38,c25
b25,c45
b1,c52
b58,c33
b13,c36
b22,c7
b62,c39
b0,c59
b34,c66
b8,c36
b34,c51
b37,c18
b51,c4
b65,c4
b45,c33
b25,c33
b29,c46
b57,c39
b25,c29
b50,c11
b14,c62
b70,c33
b38,c46
b12,c11
b24,c35
b56,c40
b22,c55
b59,c35
b58,c49
b31,c13
b67,c23
b55,c58
b23,c16
b51,c6
b4,c26
b6,c66
b70,c37
b2,c26
b46,c0
b44,c24
b48,c9
b38,c8
b13,c8
b54,c23
b38,c13
b3,c9
b5,c27
b32,c26
b12,c69
b20,c45
b42,c47
b15,c4
b30,c23
b42,c54
b57,c54
b37,c36
b40,c70
b3,c26
b30,c40
b14,c40
b42,c53
b5,c59
b10,c57
b5,c13
b68,c44
b10,c27
b50,c57
b42,c33
b66,c23
b2,c61
b57,c56
b35,c63
b10,c8
b46,c61
b24,c48
b46,c38
b53,c5
b11,c52
b1,c43
b25,c10
b60,c33
b67,c46
b61,c40
b64,c54
b35,c42
b19,c10
b5,c66
b19,c42
b49,c36
b63,c57
b54,c18
b16,c29
b20,c6
b46,c19
b1,c66
b38,c61
b20,c70
b62,c10
b42,c56
b2,c30
b0,c68
b15,c63
b67,c51
b0,c13
b47,c37
b4,c30
b36,c65
b47,c5
b37,c30
b6,c16
b43,c52
b24,c11
b68,c4
b48,c11
b0,c31
b50,c44
b2,c48
b28,c1
b21,c1
b21,c57
b61,c29
b14,c29
b57,c41
b70,c27
b23,c64
b48,c34
b64,c38
b49,c33
b7,c10
b38,c26
b56,c23
b61,c44
b39,c44
b31,c2
b64,c22
b27,c70
b5,c15
b35,c59
b2,c60
b17,c19
b41,c49
b62,c65
b58,c50
b65,c38
b12,c8
b47,c64
b48,c0
b9,c0
b55,c22
b23,c10
b27,c14
b24,c20
b9,c42
b27,c53
b22,c53
b52,c36
b42,c50
b21,c60
b70,c63
b23,c14
b40,c50
b34,c61
b19,c18
b58,c12
b2,c46
b21,c31
b12,c58
b19,c24
b43,c18
b69,c43
b29,c30
b20,c30
b52,c13
b10,c53
b45,c22
b16,c22
b54,c39
b15,c35
b62,c12
b65,c21
b2,c32
b39,c1
b6,c49
b13,c47
b70,c45
b6,c5
b39,c28
b38,c65
b4,c55
b25,c36
b55,c28
b70,c49
b12,c38
b64,c55
b64,c42
b7,c12
b63,c43
b42,c26
b34,c52
b50,c66
b34,c44
b47,c68
b37,c11
b34,c49
b13,c1
b65,c7
b24,c32
b36,c29
b14,c10
b45,c3
b2,c28
b43,c66
b2,c27
b43,c57
b32,c48
b35,c6
b5,c50
b31,c62
b16,c36
b70,c15
b45,c44
b34,c32
b12,c68
b30,c60
b22,c54
b69,c10
b26,c66
b39,c3
b11,c2
b63,c64
b57,c64
b44,c45
b65,c34
b25,c23
b42,c61
b28,c22
b17,c68
b70,c21
b0,c64
b9,c60
b29,c32
b40,c54
b59,c47
b63,c44
b48,c13
b62,c40
b24,c31
b37,c56
b54,c66
b55,c17
b69,c8
b46,c21
b68,c47
b3,c2
b3,c56
b63,c54
b45,c57
b70,c57
b13,c0
b23,c35
b35,c50
b42,c58
b58,c20
b27,c40
b12,c59
b4,c2
b14,c31
b45,c39
b24,c22
b29,c60
b20,c36
b58,c43
b50,c50
b58,c15
b41,c39
b10,c44
b25,c65
b70,c9
b48,c63
b61,c68
b34,c28
b59,c4
b6,c43
b28,c9
b22,c61
b24,c62
b61,c3
b9,c32
b26,c26
b34,c38
b60,c47
b56,c57
b53,c45
b32,c1
b60,c39
b36,c11
b67,c69
b58,c11
b52,c35
b46,c4
b40,c40
b11,c40
b4,c69
b55,c51
b66,c43
b47,c69
b70,c20
b16,c24
b19,c22
b33,c19
b5,c7
b33,c43
b33,c47
b48,c22
b46,c49
b24,c29
b16,c57
b38,c27
b70,c7
b44,c5
b6,c13
b41,c44
b67,c53
b58,c21
b43,c2
b44,c58
b34,c19
b59,c10
b39,c67
b68,c51
b6,c68
b8,c11
b22,c43
b5,c39
b36,c59
b53,c3
b29,c57
b22,c31
b47,c49
b8,c8
b62,c30
b4,c28
b52,c37
b3,c50
b33,c64
b1,c19
b5,c29
b65,c37
b34,c34
b54,c7
b0,c28
b67,c29
b60,c27
b53,c51
b14,c43
b13,c42
b4,c0
b42,c49
b43,c58
b63,c3
b11,c13
b15,c46
b38,c1
b53,c23
b41,c46
b30,c27
b41,c62
b61,c2
b28,c70
b51,c12
b59,c63
b29,c5
b16,c54
b45,c11
b60,c29
b24,c9
b64,c15
b45,c66
b70,c51
b35,c19
b58,c31
b46,c22
b0,c32
b2,c34
b14,c17
b39,c16
b42,c15
b59,c41
b50,c18
b57,c11
b63,c48
b56,c65
b10,c68
b33,c66
b11,c51
b23,c47
b39,c25
b5,c65
b34,c41
b48,c52
b50,c19
b25,c42
b11,c21
b48,c1
b35,c54
b44,c0
b0,c70
b15,c8
b38,c51
b16,c40
b31,c43
b36,c22
b18,c3
b60,c13
b20,c2
b4,c49
b66,c69
b0,c48
b21,c22
b43,c20
b19,c57
b48,c15
b42,c11
b13,c2
b35,c20
b38,c50
b17,c0
b49,c15
b31,c8
b64,c39
b66,c3
b23,c66
b28,c4
b52,c6
b25,c63
b6,c58
b62,c9
b59,c15
b9,c63
b23,c38
b59,c66
b8,c33
b21,c52
b47,c14
b3,c66
b53,c50
b30,c16
b0,c61
b7,c58
b44,c44
b13,c49
b7,c25
b29,c33
b2,c12
b56,c46
b36,c13
b51,c53
b28,c44
b33,c22
b45,c4
b9,c65
b14,c57
b29,c52
b60,c26
b0,c20
b9,c3
b14,c41
b18,c47
b34,c47
b51,c62
b45,c21
b6,c0
b62,c47
b51,c27
b21,c32
b70,c22
b56,c4
b35,c9
b37,c33
b7,c4
b28,c53
b1,c40
b0,c47
b28,c34
b37,c35
b10,c62
b11,c0
b9,c44
b42,c30
b29,c11
b45,c26
b28,c60
b25,c37
b26,c33
b36,c45
b41,c34
b23,c52
b6,c39
b56,c51
b53,c65
b31,c7
b47,c44
b58,c17
b3,c36
b11,c49
b1,c29
b55,c57
b3,c40
b18,c52
b14,c49
b65,c42
b37,c38
b28,c35
b28,c33
b26,c67
b51,c18
b1,c49
b44,c67
b63,c55
b9,c16
b34,c68
b13,c34
b40,c19
b12,c21
b60,c19
b3,c18
b47,c62
b3,c17
b68,c46
b67,c35
b0,c60
b56,c1
b51,c70
b12,c26
b31,c28
b53,c39
b24,c3
b61,c19
b8,c31
b70,c11
b54,c49
b57,c21
b31,c9
b66,c30
b1,c31
b31,c51
b6,c20
b51,c38
b42,c19
b47,c15
b51,c24
b23,c17
b18,c27
b69,c16
b0,c66
b2,c21
b31,c64
b40,c7
b38,c52
b55,c11
b44,c25
b60,c66
b15,c21
b48,c21
b9,c43
b30,c51
b52,c63
b29,c64
b25,c62
b49,c69
b53,c69
b58,c48
b40,c62
b14,c11
b29,c19
b20,c12
b54,c15
b26,c31
b35,c46
b22,c14
b55,c46
b28,c46
b54,c34
b7,c23
b60,c34
b17,c7
b18,c58
b1,c30
b57,c60
b28,c10
b43,c54
b58,c37
b2,c6
b52,c26
b33,c36
b12,c57
b56,c28
b8,c54
b38,c48
b22,c36
b2,c4
b42,c10
b59,c27
b46,c32
b54,c70
b5,c0
b46,c50
b62,c53
b27,c61
b63,c52
b5,c49
b19,c25
b21,c55
b43,c42
b20,c21
b60,c10
b67,c8
b43,c61
b20,c0
b37,c1
b6,c44
b48,c46
b45,c55
b22,c52
b53,c16
b36,c58
b44,c51
b17,c55
b56,c33
b11,c63
b40,c47
b41,c59
b1,c63
b69,c56
b29,c68
b43,c17
b25,c57
b0,c43
b52,c41
b30,c47
b33,c31
b0,c25
b20,c54
b51,c2
b41,c3
b4,c20
b13,c62
b63,c50
b58,c2
b41,c18
b33,c57
b21,c47
b16,c48
b9,c39
b13,c7
b42,c1
b15,c48
b43,c41
b49,c70
b51,c5
b8,c52
b65,c41
b64,c44
b29,c20
b27,c12
b70,c25
b69,c21
b16,c23
b64,c37
b34,c36
b57,c0
b28,c24
b27,c68
b44,c59
b27,c4
b22,c28
b25,c34
b4,c58
b33,c68
b65,c48
b66,c65
b24,c27
b14,c20
b7,c35
b21,c66
b17,c48
b26,c13
b15,c38
b26,c30
b70,c14
b21,c0
b66,c46
b35,c15
b15,c51
b21,c36
b70,c2
b69,c40
b30,c46
b62,c0
b31,c5
b20,c28
b19,c50
b46,c9
b5,c62
b35,c26
b24,c67
b60,c67
b56,c6
b18,c33
b15,c14
b44,c41
b29,c23
b51,c44
b25,c28
b14,c39
b11,c19
b58,c54
b16,c25
b25,c68
b44,c70
b0,c12
b56,c67
b52,c5
b41,c15
b70,c5
b12,c28
b44,c63
b17,c5
b37,c15
b1,c51
b6,c24
b37,c20
b24,c66
b58,c10
b24,c37
b60,c30
b32,c9
b32,c44
b57,c66
b46,c12
b42,c0
b6,c22
b1,c17
b34,c57
b32,c32
b42,c35
b20,c67
b43,c19
b13,c41
b3,c28
b41,c47
b59,c2
b16,c61
b34,c33
b6,c25
b63,c24
b46,c17
b22,c0
b58,c28
b16,c18
b32,c55
b36,c54
b51,c33
b30,c31
b9,c53
b16,c38
b33,c53
b2,c69
b0,c56
b12,c63
b56,c27
b33,c48
b3,c62
b60,c28
b51,c58
b48,c32
b0,c29
b50,c4
b38,c68
b42,c65
b8,c20
b40,c46
b4,c4
b62,c57
b37,c53
b35,c7
b35,c28
b48,c41
b67,c41
b33,c1
b55,c42
b18,c49
b25,c54
b44,c20
b3,c68
b9,c57
b24,c15
b8,c38
b66,c17
b17,c32
b33,c7
b49,c29
b11,c44
b9,c49
b23,c9
b9,c40
b22,c59
b56,c39
b5,c12
b55,c39
b39,c40
b31,c57
b60,c42
b63,c12
b44,c21
b65,c18
b21,c42
b56,c21
b5,c19
b48,c30
b52,c17
b16,c8
b12,c7
b27,c65
b30,c58
b10,c46
b65,c33
b59,c29
b36,c8
b7,c0
b28,c37
b0,c33
b30,c30
b47,c47
b48,c53
b23,c57
b33,c54
b17,c30
b7,c36
b37,c57
b65,c55
b48,c31
b26,c51
b45,c24
b36,c52
b41,c58
b38,c31
b25,c27
b69,c68
b57,c25
b51,c59
b54,c67
b32,c0
b52,c52
b55,c66
b41,c50
b20,c69
b26,c6
b13,c65
b19,c32
b43,c51
b10,c13
b58,c46
b12,c36
b14,c48
b48,c26
b42,c37
b19,c36
b38,c35
b10,c15
b36,c15
b6,c56
b48,c17
b49,c56
b25,c35
b7,c28
b19,c60
b30,c55
b28,c18
b28,c13
b9,c58
b32,c13
b65,c64
b61,c27
b59,c20
b46,c57
b18,c21
b70,c61
b31,c21
b6,c63
b12,c9
b57,c40
b53,c56
b57,c50
b64,c19
b65,c28
b0,c15
b38,c42
b69,c63
b3,c7
b51,c65
b53,c28
b53,c26
b18,c42
b41,c66
b39,c55
b57,c62
b31,c54
b15,c3
b23,c34
b69,c20
b69,c33
b39,c4
b18,c46
b68,c18
b66,c45
b52,c38
b62,c6
b59,c54
b24,c44
b26,c52
b7,c19
b20,c42
b57,c7
b62,c38
b40,c35
b16,c55
b23,c36
b16,c19
b40,c5
b70,c23
b63,c62
b11,c55
b46,c13
b17,c58
b56,c14
b11,c62
b23,c43
b6,c55
b0,c53
b5,c25
b11,c11
b57,c28
b25,c7
b33,c58
b36,c64
b55,c35
b12,c29
b59,c11
b3,c11
b58,c8
b56,c34
b50,c0
b24,c23
b34,c65
b63,c35
b26,c41
b60,c18
b30,c43
b19,c27
b11,c60
b68,c17
b65,c24
b44,c40
b62,c37
b63,c47
b63,c27
b49,c68
b51,c29
b1,c27
b15,c18
b7,c42
b68,c66
b33,c70
b20,c65
b27,c55
b61,c35
b17,c29
b22,c20
b1,c58
b33,c63
b17,c69
b4,c39
b32,c59
b40,c10
b1,c10
b8,c35
b4,c22
b11,c53
b61,c53
b65,c69
b65,c61
b64,c7
b57,c35
b50,c24
b19,c38
b6,c12
b28,c23
b69,c45
b11,c61
b47,c20
b35,c68
b68,c52
b49,c13
b6,c60
b46,c43
b4,c15
b9,c68
b50,c68
b54,c5
b43,c32
b33,c55
b10,c20
b3,c6
b10,c36
b15,c39
b49,c35
b56,c41
b27,c29
b3,c15
b4,c70
b33,c52
b49,c4
b60,c3
b32,c33
b11,c29
b39,c50
b46,c26
b63,c8
b16,c3
b49,c63
b60,c0
b13,c61
b14,c64
b22,c65
b61,c0
b69,c58
b24,c34
b16,c69
b4,c38
b43,c6
b38,c7
b30,c14
b34,c64
b5,c44
b19,c67
b51,c25
b36,c7
b17,c62
b69,c3
b58,c65
b21,c17
b68,c19
b45,c9
b2,c35
b15,c61
b29,c70
b15,c59
b18,c66
b57,c16
b9,c31
b61,c41
b26,c38
b12,c66
b48,c23
b50,c61
b42,c32
b31,c30
b21,c59
b38,c53
b14,c27
b70,c26
b39,c2
b37,c66
b4,c10
b36,c39
b69,c25
b35,c22
b14,c45
b59,c55
b14,c5
b64,c62
b10,c52
b13,c18
b16,c2
b55,c32
b68,c68
b40,c33
b16,c7
b64,c4
b66,c49
b25,c69
b42,c51
b4,c62
b66,c59
b65,c49
b27,c21
b31,c55
b60,c4
b34,c55
b66,c18
b36,c48
b62,c16
b22,c23
b12,c54
b45,c29
b12,c50
b9,c55
b23,c4
b63,c7
b64,c2
b11,c30
b41,c16
b3,c20
b20,c34
b54,c59
b69,c24
b42,c39
b67,c48
b22,c13
b30,c42
b32,c20
b12,c65
b51,c35
b37,c0
b11,c31
b59,c16
b33,c34
b28,c51
b20,c18
b52,c27
b24,c63
b56,c36
b47,c59
b28,c2
b49,c8
b61,c30
b18,c24
b48,c43
b36,c31
b0,c42
b56,c8
b46,c2
b36,c12
b25,c16
b59,c69
b7,c7
b0,c23
b57,c34
b20,c49
b29,c66
b33,c11
b54,c53
b14,c21
b66,c53
b14,c1
b8,c4
b64,c13
b49,c34
b38,c36
b68,c41
b8,c69
b21,c33
b50,c67
b21,c14
b42,c24
b27,c58
b64,c52
b59,c40
b67,c70
b33,c60
b27,c47
b31,c34
b27,c15
b30,c17
b52,c69
b35,c0
b34,c48
b56,c35
b16,c42
b1,c65
b0,c52
b4,c11
b61,c49
b7,c11
b38,c18
b30,c49
b52,c3
b48,c68
b35,c27
b70,c1
b33,c42
b56,c54
b25,c43
b67,c60
b9,c20
b20,c10
b64,c29
b21,c12
b62,c41
b4,c5
b13,c67
b9,c19
b24,c69
b50,c3
b21,c41
b24,c58
b31,c22
b10,c28
b61,c46
b11,c66
b9,c21
b9,c48
b55,c33
b65,c58
b22,c5
b61,c24
b21,c18
b20,c9
b60,c49
b39,c6
b64,c67
b32,c4
b57,c24
b68,c36
b38,c43
b67,c47
b15,c53
b21,c19
b46,c35
b2,c7
b43,c16
b22,c8
b31,c41
b34,c20
b37,c5
b15,c29
b39,c30
b31,c61
b51,c23
b27,c32
b41,c11
b24,c6
b47,c4
b40,c22
b33,c69
b19,c8
b18,c0
b15,c47
b60,c41
b50,c13
b7,c56
b53,c15
b65,c60
b32,c45
b35,c67
b61,c54
b44,c39
b53,c68
b43,c29
b33,c4
b19,c15
b66,c20
b49,c0
b41,c9
b43,c62
b28,c52
b43,c59
b51,c14
b51,c32
b42,c57
b50,c10
b17,c28
b41,c28
b12,c60
b25,c32
b52,c28
b67,c3
b37,c28
b23,c27
b46,c40
b25,c47
b66,c41
b46,c6
b54,c28
b10,c47
b4,c23
b32,c6
b5,c38
b56,c43
b26,c5
b39,c11
b32,c56
b1,c54
b52,c31
b22,c17
b10,c64
b34,c39
b59,c39
b65,c20
b11,c42
b2,c55
b69,c6
b39,c39
b68,c63
b61,c70
b32,c30
b48,c60
b21,c29
b0,c16
b28,c55
b25,c4
b35,c53
b60,c57
b6,c57
b12,c20
b62,c68
b45,c37
b7,c37
b19,c55
b40,c26
b53,c10
b39,c69
b62,c11
b67,c44
b10,c7
b44,c52
b37,c40
b25,c20
b35,c10
b14,c63
b40,c64
b5,c37
b34,c42
b49,c31
b52,c32
b60,c23
b57,c8
b58,c55
b64,c21
b22,c25
b65,c12
b41,c38
b59,c52
b1,c22
b56,c10
b57,c59
b32,c25
b25,c66
b24,c53
b9,c54
b39,c21
b33,c20
b10,c42
b9,c13
b15,c17
b28,c31
b43,c25
b65,c43
b12,c35
b30,c29
b53,c44
b54,c24
b17,c9
b14,c25
b33,c12
b12,c51
b50,c63
b8,c50
b28,c38
b40,c32
b13,c44
b22,c38
b51,c41
b37,c69
b13,c3
b38,c24
b44,c60
b22,c68
b38,c44
b36,c55
b9,c38
b52,c40
b63,c0
b68,c15
b13,c37
b46,c10
b6,c36
b36,c38
b46,c56
b45,c70
b49,c38
b5,c2
b18,c50
b52,c67
b13,c23
b49,c7
b20,c4
b5,c17
b14,c54
b62,c25
b50,c58
b50,c49
b29,c18
b59,c70
b21,c8
b36,c21
b3,c24
b14,c67
b12,c23
b54,c33
b2,c43
b0,c27
b69,c50
b12,c45
b28,c17
b14,c6
b15,c2
b52,c11
b24,c13
b14,c26
b18,c14
b18,c26
b16,c33
b0,c4
b57,c20
b53,c25
b60,c52
b58,c13
b36,c40
b45,c5
b0,c0
b10,c48
b5,c22
b17,c49
b38,c32
b54,c69
b36,c62
b59,c58
b55,c55
b48,c59
b31,c35
b20,c44
b40,c48
b15,c58
b14,c18
b61,c51
b15,c37
b49,c61
b60,c36
b24,c7
b12,c34
b26,c35
b68,c0
b8,c32
b37,c58
b54,c54
b16,c51
b6,c28
b15,c43
b0,c69
b13,c4
b9,c25
b58,c47
b62,c24
b67,c25
b15,c45
b19,c63
b41,c33
b13,c58
b4,c24
b53,c37
b62,c34
b28,c68
b61,c47
b55,c7
b13,c51
b41,c10
b52,c34
b2,c8
b46,c45
b41,c5
b42,c14
b0,c7
b48,c48
b19,c45
b68,c70
b68,c9
b41,c14
b59,c14
b31,c45
b39,c8
b43,c4
b65,c31
b54,c1
b8,c45
b67,c66
b29,c65
b46,c33
b8,c23
b57,c30
b48,c4
b66,c51
b59,c53
b69,c18
b2,c49
b65,c5
b18,c2
b52,c49
b36,c70
b64,c58
b9,c22
b46,c34
b29,c44
b19,c5
b49,c5
b62,c50
b41,c64
b24,c21
b65,c66
b48,c20
b15,c56
b35,c61
b30,c11
b36,c68
b67,c26
b51,c54
b30,c25
b3,c43
b11,c50
b52,c58
b57,c19
b56,c64
b68,c13
b12,c17
b62,c21
b20,c40
b15,c23
b49,c67
b18,c13
b34,c31
b44,c36
b65,c29
b57,c23
b11,c1
b64,c8
b38,c2
b69,c22
b62,c26
b57,c6
b43,c23
b36,c23
b55,c69
b18,c30
b62,c49
b17,c26
b53,c38
b36,c49
b69,c9
b33,c24
b42,c36
b58,c53
b67,c42
b6,c10
b19,c33
b17,c31
b44,c11
b45,c17
b27,c35
b0,c1
b40,c34
b13,c68
b47,c50
b70,c54
b49,c66
b26,c21
b52,c20
b57,c70
b54,c21
b50,c2
b65,c17
b60,c5
b43,c13
b10,c5
b42,c3
b59,c43
b64,c28
b54,c55
b52,c51
b51,c22
b3,c25
b45,c32
b57,c38
b33,c37
b70,c10
b64,c34
b65,c13
b11,c15
b4,c56
b4,c13
b61,c22
b13,c27
b17,c6
b5,c28
b39,c5
b8,c10
b69,c4
b65,c53
b44,c10
b58,c36
b15,c57
b15,c25
b5,c69
b31,c31
b13,c48
b4,c17
b38,c54
b55,c61
b51,c3
b58,c60
b63,c30
b24,c60
b62,c70
b31,c12
b3,c55
b47,c3
b14,c13
b6,c37
b1,c23
b47,c42
b13,c43
b55,c40
b13,c35
b29,c62
b0,c6
b37,c68
b27,c33
b40,c14
b18,c69
b10,c43
b64,c14
b2,c38
b0,c44
b11,c46
b0,c21
b1,c61
b2,c20
b23,c28
b6,c34
b41,c52
b35,c3
b53,c55
b23,c60
b29,c21
b49,c24
b43,c64
b42,c23
b38,c66
b61,c39
b46,c58
b19,c17
b67,c17
b64,c50
b50,c35
b45,c20
b34,c23
b44,c68
b34,c22
b35,c66
b18,c56
b28,c63
b63,c6
b11,c28
b0,c67
b12,c24
b59,c7
b11,c5
b59,c51
b60,c56
b16,c9
b49,c44
b62,c32
b61,c36
b46,c64
b19,c37
b65,c40
b70,c68
b11,c35
b2,c5
b61,c37
b26,c44
b53,c18
b8,c18
b38,c29
b36,c53
b14,c34
b16,c1
b68,c37
b57,c27
b41,c61
b64,c1
b38,c38
b13,c66
b62,c22
b23,c39
b34,c70
b48,c61
b28,c54
b69,c1
b31,c19
b14,c28
b15,c54
b30,c66
b27,c66
b12,c40
b30,c67
b69,c44
b19,c13
b7,c45
b49,c28
b51,c30
b45,c23
b32,c37
b70,c53
b16,c17
b1,c2
b4,c67
b5,c26
b34,c53
b27,c37
b17,c13
b30,c63
b44,c55
b2,c14
b43,c27
b26,c36
b45,c60
b32,c10
b43,c11
b22,c48
b44,c3
b60,c7
b3,c16
b55,c65
b51,c48
b23,c3
b10,c25
b33,c50
b36,c46
b56,c47
b23,c48
b35,c55
b3,c69
b5,c32
b38,c4
b65,c10
b33,c16
b19,c59
b20,c25
b26,c18
b55,c37
b40,c49
b32,c14
b10,c26
b18,c63
b17,c54
b10,c33
b69,c19
b37,c6
b53,c43
b53,c32
b53,c53
b61,c15
b19,c7
b1,c53
b19,c58
b69,c31
b36,c14
b30,c1
b26,c49
b17,c18
b59,c59
b21,c51
b59,c44
b5,c10
b25,c3
b8,c17
b65,c52
b51,c8
b3,c58
b4,c7
b18,c41
b53,c7
b3,c1
b55,c60
b63,c34
b60,c69
b41,c22
b18,c44
b21,c7
b28,c45
b61,c62
b41,c4
b7,c65
b35,c62
b65,c25
b64,c9
b47,c29
b3,c29
b59,c37
b20,c13
b27,c64
b8,c39
b18,c35
b10,c24
b5,c54
b16,c32
b16,c62
b18,c39
b5,c61
b37,c41
b30,c69
b4,c36
b17,c20
b69,c55
b2,c59
b57,c49
b62,c63
b55,c25
b53,c4
b56,c61
b44,c28
b17,c47
b3,c27
b56,c42
b19,c6
b10,c66
b55,c64
b58,c32
b11,c25
b5,c46
b9,c64
b40,c65
b33,c59
b14,c46
b61,c60
b48,c64
b4,c45
b51,c20
b64,c69
b53,c33
b65,c56
b46,c15
b11,c37
b33,c32
b45,c48
b49,c16
b24,c49
b9,c2
b59,c5
b51,c39
b40,c56
b67,c30
b59,c42
b54,c2
b17,c25
b37,c37
b60,c1
b37,c19
b42,c55
b43,c60
b3,c42
b3,c31
b42,c7
b44,c64
b36,c28
b37,c67
b56,c2
b11,c3
b32,c49
b55,c41
b22,c37
b5,c40
b2,c54
b27,c43
b10,c54
b45,c69
b52,c45
b36,c37
b65,c9
b36,c20
b8,c41
b41,c65
b8,c65
b66,c64
b69,c32
b64,c63
b45,c59
b14,c8
b49,c2
b56,c24
b61,c67
b10,c11
b56,c16
b50,c62
b27,c49
b28,c61
b33,c61
b21,c4
b52,c14
b51,c10
b65,c47
b38,c20
b0,c26
b9,c8
b7,c57
b68,c26
b34,c2
b49,c65
b70,c34
b35,c60
b66,c34
b68,c56
b25,c26
b68,c27
b70,c60
b62,c23
b10,c19
b23,c63
b57,c45
b58,c69
b53,c22
b70,c19
b62,c60
b35,c32
b38,c47
b68,c3
b17,c22
b27,c18
b26,c9
b18,c18
b16,c37
b31,c38
b32,c2
b1,c36
b0,c63
b31,c59
b23,c53
b38,c58
b65,c57
b36,c44
b14,c59
b64,c33
b46,c59
b0,c35
b70,c30
b47,c67
b56,c70
b70,c31
b45,c0
b37,c25
b28,c39
b18,c28
b28,c28
b26,c47
b39,c37
b48,c24
b6,c19
b2,c11
b68,c7
b41,c43
b21,c65
b26,c24
b41,c6
b24,c26
b40,c23
b35,c58
b16,c41
b8,c63
b61,c11
b66,c54
b20,c48
b39,c35
b5,c42
b3,c39
b20,c55
b67,c10
b61,c26
b1,c15
b24,c4
b41,c36
b59,c24
b32,c7
b9,c23
b23,c31
b48,c47
b67,c61
b40,c3
b69,c34
b59,c17
b61,c34
b4,c29
b68,c23
b61,c48
b12,c31
b22,c57
b16,c14
b35,c11
b44,c69
b18,c6
b39,c22
b37,c31
b53,c49
b56,c25
b55,c49
b21,c23
b17,c42
b22,c69
b5,c55
b58,c29
b46,c25
b23,c40
b18,c48
b50,c8
b15,c20
b25,c48
b3,c52
b15,c30
b21,c53
b49,c48
b10,c70
b68,c57
b37,c50
b16,c59
b9,c9
b67,c4
b66,c31
b12,c37
b8,c28
b19,c34
b62,c28
b66,c15
b26,c11
b8,c27
b33,c26
b19,c47
b2,c45
b7,c8
b11,c10
b66,c11
b7,c30
b58,c35
b31,c63
b18,c61
b6,c9
b1,c70
b21,c58
b25,c59
b48,c27
b14,c42
b15,c12
b27,c36
b5,c36
b47,c60
b26,c7
b56,c63
b29,c0
b43,c26
b15,c69
b49,c19
b30,c32
b30,c37
b38,c60
b40,c29
b8,c51
b69,c69
b26,c22
b28,c6
b27,c23
b19,c11
b42,c13
b21,c10
b11,c43
b26,c43
b0,c17
b64,c20
b10,c39
b59,c38
b61,c45
b6,c2
b50,c14
b68,c6
b51,c60
b30,c22
b39,c45
b1,c34
b40,c20
b18,c4
b35,c2
b65,c39
b7,c70
b40,c15
b22,c58
b2,c18
b31,c60
b53,c12
b30,c50
b12,c42
b60,c55
b35,c24
b16,c64
b32,c41
b45,c10
b25,c14
b39,c38
b54,c48
b24,c17
b50,c69
b3,c46
b7,c9
b62,c18
b53,c63
b40,c66
b44,c17
b34,c6
b61,c12
b6,c54
b36,c36
b58,c59
b4,c52
b10,c56
b59,c34
b19,c66
b43,c14
b59,c6
b9,c11
b61,c4
b70,c18
b66,c16
b44,c61
b36,c17
b66,c12
b61,c21
b55,c50
b35,c37
b4,c8
b54,c17
b7,c16
b40,c68
b12,c16
b32,c69
b11,c4
b34,c17
b9,c5
b65,c36
b2,c24
b28,c26
b56,c30
b28,c47
b27,c26
b65,c26
b65,c2
b8,c56
b52,c48
b15,c41
b7,c15
b24,c16
b39,c7
b59,c36
b66,c8
b3,c57
b64,c60
b50,c39
b70,c67
b27,c10
b28,c29
b63,c22
b29,c13
b12,c18
b69,c23
b10,c3
b48,c69
b50,c20
b31,c16
b27,c45
b16,c45
b38,c15
b10,c35
b33,c51
b60,c43
b1,c0
b31,c58
b21,c15
b39,c33
b2,c39
b18,c12
b22,c46
b67,c32
b50,c47
b49,c22
b35,c21
b10,c14
b25,c64
b6,c42
b64,c61
b61,c64
b61,c59
b57,c37
b59,c26
b63,c60
b37,c29
b8,c70
b37,c49
b68,c48
b65,c50
b20,c38
b70,c35
b48,c66
b37,c9
b2,c63
b52,c21
b12,c12
b55,c23
b70,c48
b57,c42
b8,c48
b13,c12
b50,c56
b21,c28
b20,c8
b56,c38
b6,c14
b58,c16
b36,c10
b3,c64
b19,c29
b50,c22
b22,c42
b7,c34
b33,c44
b23,c45
b1,c56
b48,c7
b0,c9
b8,c59
b38,c40
b48,c10
b53,c60
b14,c51
b43,c40
b58,c27
b36,c56
b34,c63
b10,c0
b54,c16
b32,c31
b50,c27
b58,c25
b56,c9
b41,c48
b64,c27
b40,c1
b5,c8
b59,c22
b16,c5
b63,c63
b57,c12
b59,c19
b43,c5
b32,c28
b8,c7
b24,c40
b34,c0
b62,c54
b64,c66
b48,c39
b65,c62
b19,c21
b30,c68
b53,c36
b23,c0
b45,c46
b6,c59
b13,c33
b37,c17
b7,c31
b32,c34
b20,c63
b26,c40
b55,c16
b42,c38
b18,c51
b3,c45
b5,c9
b67,c6
b62,c35
b39,c54
b40,c6
b30,c8
b67,c1
b13,c22
b17,c12
b64,c53
b9,c70
b22,c22
b52,c39
b11,c24
b32,c50
b54,c43
b53,c24
b44,c53
b26,c68
b30,c0
b6,c70
b33,c27
b26,c46
b66,c28
b21,c27
b40,c36
b41,c42
b44,c2
b33,c45
b64,c40
b52,c44
b34,c62
b14,c44
b26,c34
b55,c44
b58,c44
b27,c13
b55,c47
b67,c59
b43,c63
b42,c25
b38,c14
b26,c25
b4,c66
b63,c21
b26,c12
b56,c56
b53,c21
b59,c64
b16,c53
b46,c60
b50,c51
b37,c55
b44,c66
b67,c19
b64,c57
b0,c49
b53,c52
b50,c7
b70,c36
b23,c25
b38,c10
b58,c58
b47,c52
b17,c39
b38,c64
b57,c5
b61,c1
b24,c18
b34,c29
b17,c60
b51,c0
b50,c53
b47,c26
b14,c66
b57,c17
b61,c43
b45,c49
b63,c1
b21,c35
b16,c49
b26,c53
b68,c34
b43,c24
b52,c53
b12,c67
b64,c36
b23,c2
b7,c5
b60,c40
b6,c41
b53,c13
b50,c60
b47,c23
b69,c61
b67,c22
b49,c58
b35,c30
b44,c9
b19,c51
b50,c37
b1,c7
b50,c65
b40,c24
b53,c59
b60,c45
b48,c2
b57,c57
b22,c47
b6,c26
b68,c65
b5,c20
b39,c26
b32,c64
b28,c8
b58,c4
b51,c57
b64,c10
b43,c22
b67,c37
b64,c12
b39,c66
b7,c59
b63,c28
b25,c31
b64,c18
b15,c16
b8,c37
b1,c25
b10,c63
b8,c53
b55,c2
b21,c38
b47,c65
b25,c6
b51,c36
b25,c60
b11,c26
b10,c32
b26,c58
b20,c17
b30,c35
b10,c10
b14,c70
b52,c10
b6,c21
b54,c44
b30,c36
b56,c29
b17,c4
b14,c23
b67,c38
b11,c70
b26,c15
b49,c1
b67,c11
b11,c69
b45,c6
b37,c45
b41,c25
b9,c62
b7,c2
b42,c18
b69,c29
b40,c31
b24,c57
b68,c59
b68,c49
b54,c26
b4,c40
b1,c1
b13,c25
b22,c60
b60,c17
b32,c18
b46,c39
b41,c55
b26,c56
b44,c22
b36,c33
b51,c31
b20,c43
b25,c53
b51,c45
b61,c66
b12,c2
b54,c29
b6,c30
b8,c62
b38,c30
b47,c33
b35,c12
b63,c41
b45,c45
b12,c30
b9,c10
b69,c0
b28,c19
b45,c51
b65,c51
b55,c4
b51,c9
b47,c36
b64,c48
b21,c30
b38,c23
b67,c45
b48,c49
b51,c50
b24,c68
b19,c69
b51,c13
b51,c34
b51,c47
b21,c40
b68,c21
b26,c8
b40,c42
b0,c39
b8,c0
b31,c17
b55,c20
b29,c17
b39,c42
b41,c17
b26,c3
b15,c66
b22,c39
b16,c70
b17,c53
b10,c58
b65,c6
b23,c5
b16,c11
b33,c35
b52,c56
b13,c9
b16,c27
b33,c49
b37,c8
b60,c37
b56,c69
b57,c1
b2,c67
b69,c26
b61,c5
b53,c20
b13,c52
b14,c61
b58,c41
b66,c25
b35,c41
b10,c4
b36,c69
b31,c20
b42,c21
b60,c50
b8,c1
b60,c21
b23,c29
b17,c2
b25,c30
b31,c53
b28,c21
b47,c31
b26,c70
b15,c70
b37,c39
b34,c69
b64,c46
b67,c18
b10,c21
b12,c10
b47,c7
b69,c15
b29,c3
b40,c9
b61,c7
b16,c6
b57,c44
b49,c39
b13,c46
b65,c19
b67,c63
b24,c12
b33,c8
b63,c53
b9,c34
b15,c36
b13,c45
b17,c70
b45,c43
b70,c0
b12,c61
b28,c30
b35,c49
b67,c28
b43,c38
b22,c3
b18,c20
b1,c67
b6,c46
b44,c31
b48,c3
b48,c28
b6,c45
b30,c45
b20,c53
b3,c61
b65,c27
b14,c22
b63,c61
b11,c56
b15,c34
b20,c20
b21,c37
b64,c5
b15,c50
b40,c11
b50,c31
b54,c22
b5,c6
b42,c16
b2,c9
b55,c48
b27,c54
b1,c60
b16,c10
b58,c9
b19,c49
b8,c9
b27,c7
b12,c49
b28,c50
b27,c38
b8,c29
b48,c40
b6,c4
b59,c0
b18,c25
b35,c65
b33,c14
b50,c59
b43,c45
b49,c17
b2,c52
b21,c46
b13,c60
b41,c63
b32,c62
b31,c27
b46,c23
b48,c8
b38,c69
b8,c40
b1,c24
b18,c9
b9,c36
b54,c35
